series,method,clip,missing,tail_motion,seconds,subject_consistency,background_consistency,aesthetic_quality,motion_smoothness,dynamic_degree,imaging_quality,temporal_flickering
v2v_panda_caption_mixctx_8v,rf_mix,panda_0000,0,0.024375511333346367,86.27,0.5675536065480546,0.7889199328066697,0.569173276424408,0.9894347650221429,1.0,69.06686963981757,0.9766274489608465
v2v_panda_caption_mixctx_8v,rf_mix,panda_0001,0,0.01725722663104534,84.34,0.5648249783483681,0.7533904118324394,0.5626885890960693,0.9915455134517052,1.0,70.80784433602842,0.98240925283993
v2v_panda_caption_mixctx_8v,rf_mix,panda_0002,0,0.005927800200879574,83.46,0.6676914456731348,0.8803164354011194,0.40157678723335266,0.9960040538327327,0.0,67.53037636861677,0.9944243075800877
v2v_panda_caption_mixctx_8v,rf_mix,panda_0003,0,0.029025187715888023,87.89,0.5906548635450317,0.7897414022417211,0.5811769366264343,0.9841453386314601,1.0,66.39606933309601,0.9723959904091031
v2v_panda_caption_mixctx_8v,rf_mix,panda_0004,0,0.015484629198908806,86.09,0.6294972129555335,0.7466223417822995,0.04566817730665207,0.9883917521008934,0.0,66.14189179915955,0.9848350983040005
v2v_panda_caption_mixctx_8v,rf_mix,panda_0005,0,0.016628721728920937,83.71,0.6993154194762012,0.8444988193796642,0.6872888207435608,0.9910468222671053,0.0,73.37237330033571,0.9840612860286937
v2v_panda_caption_mixctx_8v,rf_mix,panda_0006,0,0.013235876336693764,85.73,0.6903783195276758,0.8101414922458022,0.6075170636177063,0.9924729273207242,0.0,65.96184332011133,0.9861517485450296
v2v_panda_caption_mixctx_8v,rf_mix,panda_0007,0,0.05242202430963516,85.01,0.7281189118303469,0.8288373804804104,0.5065252184867859,0.9711039171185261,1.0,74.86446122750223,0.946248675327675
v2v_panda_caption_mixctx_8v,sf_mix,panda_0000,0,0.01760556735098362,178.47,0.5395563938615865,0.7916382746909981,0.49401527643203735,0.9909918791122277,1.0,69.56879735658954,0.9832107282152363
v2v_panda_caption_mixctx_8v,sf_mix,panda_0001,0,0.008339005522429943,140.28,0.5510317045654893,0.7506422355993471,0.6268024444580078,0.9948849409054488,0.0,72.7027323099488,0.991006072362264
v2v_panda_caption_mixctx_8v,sf_mix,panda_0002,0,0.011604968458414078,137.53,0.6507933024567232,0.8577416263409515,0.4924914240837097,0.9926133210683675,0.0,69.37597747532793,0.9891994551116345
v2v_panda_caption_mixctx_8v,sf_mix,panda_0003,0,0.01574385166168213,134.6,0.5939863996733147,0.7645680441785214,0.6508492231369019,0.9924650858430362,0.0,65.40064337888465,0.98507926791322
v2v_panda_caption_mixctx_8v,sf_mix,panda_0004,0,0.00728538166731596,176.55,0.6935596669148376,0.7610562452629431,0.05702649801969528,0.9949143608922653,0.0,43.849418988218964,0.9929005552740658
v2v_panda_caption_mixctx_8v,sf_mix,panda_0005,0,0.011560292914509773,161.01,0.6735591283763078,0.8341219318446829,0.6943999528884888,0.993465115470481,0.0,75.63938678620691,0.9889413478327732
v2v_panda_caption_mixctx_8v,sf_mix,panda_0006,0,0.014916223473846912,140.39,0.6686823786194644,0.8289899683710354,0.5348796844482422,0.9915717076646603,0.0,71.45477853629399,0.9846650301241407
v2v_panda_caption_mixctx_8v,sf_mix,panda_0007,0,0.02348054200410843,129.44,0.8356735519786824,0.8812602028917911,0.46570321917533875,0.9873024490145115,1.0,72.51431479001178,0.9735178704355277
v2v_panda_caption_mixctx_8v,rf_mix_always,panda_0000,0,0.0282181017100811,82.8,0.5554032433715496,0.7888823551918144,0.5258894562721252,0.9867317392615034,1.0,67.06076110896673,0.9730300005744486
v2v_panda_caption_mixctx_8v,rf_mix_always,panda_0001,0,0.0224261824041605,78.44,0.5591672318084027,0.7619991017811334,0.5702109336853027,0.9891833285563995,1.0,71.14636740515796,0.9774924091264313
v2v_panda_caption_mixctx_8v,rf_mix_always,panda_0002,0,0.009516675025224686,78.11,0.6564244423339616,0.8828211542385728,0.35277703404426575,0.9938821990074374,0.0,65.75789819039002,0.9910476581723082
v2v_panda_caption_mixctx_8v,rf_mix_always,panda_0003,0,0.03152995929121971,78.44,0.5931418641373071,0.7852209290461754,0.5848268270492554,0.9797154953583718,1.0,64.1120051591756,0.970208667306339
v2v_panda_caption_mixctx_8v,rf_mix_always,panda_0004,0,0.02110103890299797,78.41,0.6079267262856463,0.7824228770697295,0.16753935813903809,0.9891682451604549,1.0,68.36405345980681,0.9796101457932416
v2v_panda_caption_mixctx_8v,rf_mix_always,panda_0005,0,0.02273119054734707,78.39,0.6940354073086559,0.8471315298507462,0.6815134286880493,0.98780242438482,1.0,72.23710785764555,0.9783510376425351
v2v_panda_caption_mixctx_8v,rf_mix_always,panda_0006,0,0.011458076536655426,78.27,0.738393293415655,0.847661715834888,0.45720067620277405,0.9931873847878584,1.0,63.37285043940198,0.9880382023605646
v2v_panda_caption_mixctx_8v,rf_mix_always,panda_0007,0,0.04268629476428032,78.39,0.7181744274141183,0.8239914623659048,0.47779127955436707,0.9728473352334959,1.0,72.0437952748446,0.9553172653796627
v2v_panda_caption_mixctx_8v,sf_mix_always,panda_0000,0,0.017483588308095932,129.86,0.5464094017081504,0.7916974879022854,0.4934486746788025,0.9909211693396782,1.0,69.0252421590425,0.9831847303053912
v2v_panda_caption_mixctx_8v,sf_mix_always,panda_0001,0,0.010436633601784706,129.18,0.5490358256806147,0.7580058539091651,0.6084321141242981,0.9939180291383002,0.0,73.52616148154829,0.9888562669941023
v2v_panda_caption_mixctx_8v,sf_mix_always,panda_0002,0,0.007855079136788845,128.54,0.6654250182962017,0.8433928987873134,0.5110432505607605,0.9939909644500561,0.0,69.58358416211006,0.9925649474648869
v2v_panda_caption_mixctx_8v,sf_mix_always,panda_0003,0,0.03441205248236656,129.57,0.6101944529340227,0.7924975494840252,0.6325692534446716,0.981486466838308,1.0,61.264304407926026,0.9673711589738434
v2v_panda_caption_mixctx_8v,sf_mix_always,panda_0004,0,0.006198859307914972,129.6,0.6613269773409215,0.8026004620452425,0.102876216173172,0.995787779677315,0.0,44.81262203124204,0.993944574804867
v2v_panda_caption_mixctx_8v,sf_mix_always,panda_0005,0,0.016378002241253853,129.98,0.6597479641465331,0.8290751442980411,0.6691779494285583,0.9914964022428081,1.0,74.66875728415377,0.9842803132300283
v2v_panda_caption_mixctx_8v,sf_mix_always,panda_0006,0,0.012680154293775558,129.45,0.6743220549577208,0.8111207876632462,0.6270461082458496,0.9924806438912152,0.0,71.89097288689356,0.9866432872473024
v2v_panda_caption_mixctx_8v,sf_mix_always,panda_0007,0,0.02853144146502018,129.91,0.8210282975446377,0.8691014531833022,0.4671855866909027,0.9854765490847204,1.0,73.40858417560712,0.9686552515216902
v2v_panda_caption_mixctx_8v,rolling_ctx,panda_0000,0,0.019475417211651802,45.99,0.5661471781856033,0.8104780965776586,0.5294160842895508,0.991736894629886,1.0,63.71439986166785,0.9810109101089777
v2v_panda_caption_mixctx_8v,rolling_ctx,panda_0001,0,0.014364504255354404,44.53,0.5731766666911209,0.7616895988805971,0.5730995535850525,0.9929405960496701,0.0,70.69669726174637,0.985016373092053
v2v_panda_caption_mixctx_8v,rolling_ctx,panda_0002,0,0.004570718854665756,44.66,0.6684971877248652,0.8808552756238339,0.42483803629875183,0.9963034540515044,0.0,55.709153645975405,0.9956545175290575
v2v_panda_caption_mixctx_8v,rolling_ctx,panda_0003,0,0.026558633893728256,44.28,0.5805338132751188,0.8102790490904851,0.6339335441589355,0.9849759088495353,0.0,64.39425691146424,0.9745996942707137
v2v_panda_caption_mixctx_8v,rolling_ctx,panda_0004,0,0.00649477681145072,44.62,0.6674961471485336,0.7780948468108675,0.05805952847003937,0.9953736252977938,0.0,63.70295370801645,0.9937821785608928
v2v_panda_caption_mixctx_8v,rolling_ctx,panda_0005,0,0.014080928638577461,44.98,0.7009984398844527,0.8320180408990205,0.6834533214569092,0.9923916947366493,0.0,72.42466819663731,0.9862806020998487
v2v_panda_caption_mixctx_8v,rolling_ctx,panda_0006,0,0.012676755897700787,44.48,0.6611989793687392,0.7999631967117538,0.5619745850563049,0.9919618364800714,0.0,71.31210263570149,0.9866343142939549
v2v_panda_caption_mixctx_8v,rolling_ctx,panda_0007,0,0.02725263684988022,44.27,0.8078544592735037,0.8627378549148788,0.4822591245174408,0.9843282549196068,0.0,77.90710379602301,0.9697384011511709
v2v_panda_caption_mixctx_8v,sf_ctx,panda_0000,0,0.021157104521989822,107.61,0.5374328233127885,0.8001968611532183,0.44180357456207275,0.9902201247339611,1.0,71.11936451647313,0.9798378738702512
v2v_panda_caption_mixctx_8v,sf_ctx,panda_0001,0,0.009031330235302448,107.24,0.5542637577502808,0.7903257910885028,0.605277419090271,0.9942903090975216,0.0,63.6524573473513,0.990654920129215
v2v_panda_caption_mixctx_8v,sf_ctx,panda_0002,0,0.010857352055609226,107.39,0.6671570638027876,0.8746183025303171,0.3144928812980652,0.992272507817698,0.0,68.38709599656544,0.9901276522991704
v2v_panda_caption_mixctx_8v,sf_ctx,panda_0003,0,0.012414501048624516,107.62,0.5793028307119523,0.8015428229944029,0.6315794587135315,0.9928256064497851,0.0,69.89247279460204,0.9883368407978731
v2v_panda_caption_mixctx_8v,sf_ctx,panda_0004,0,0.19016118347644806,107.68,0.5780937297499058,0.8100968545942164,0.1549268513917923,0.8426513470230547,1.0,46.627431780710346,0.8218100005505131
v2v_panda_caption_mixctx_8v,sf_ctx,panda_0005,0,0.013667646795511246,107.91,0.6122715865894318,0.7893152948635728,0.6266250610351562,0.9915907278662737,1.0,68.52349311501843,0.987174550224753
v2v_panda_caption_mixctx_8v,sf_ctx,panda_0006,0,0.016953449696302414,107.47,0.6213783551591323,0.8033476872230644,0.5147308707237244,0.9898365247897758,0.0,72.66057173588645,0.9829019434311811
v2v_panda_caption_mixctx_8v,sf_ctx,panda_0007,0,0.014951026067137718,107.14,0.815806515320246,0.9119813833663712,0.5398752689361572,0.9902340750004417,0.0,76.38377978504259,0.9818347407322304
