video_id,picked_run,oracle_run,policy_vbench,oracle_vbench,fixed_vbench
--SBHNNAtV4_seg3,S10_LR1e3,S2_LR1e3,26.209847,26.214141,26.172985
-4M0By94YIM_seg1,S5_LR1e3,S10_LR1e2,17.818346,18.162497,17.718470
-4M0By94YIM_seg52,S5_LR1e3,S20_LR1e2,21.403191,22.475516,20.654222
-4M0By94YIM_seg60,S5_LR1e2,S20_LR1e2,30.395197,30.541860,30.381481
-4MbOyjjDvA_seg7,S20_LR1e2,S20_LR1e2,20.719155,20.719155,20.101993
-5yiY2w31ts_seg19,S5_LR1e3,S10_LR1e2,15.990502,16.008462,15.975634
-8wLlaqHf-o_seg14,S5_LR1e3,S2_LR1e2,25.841418,25.853871,25.807865
-8wLlaqHf-o_seg8,S5_LR1e3,S10_LR1e3,29.623208,29.646499,29.640507
-BaGN9PGsRg_seg11,S10_LR1e3,S20_LR1e3,16.723772,16.751589,16.694213
-Bbr2TjiRCM_seg24,S10_LR1e3,S20_LR1e2,11.835163,12.023209,11.823581
-Bbr2TjiRCM_seg9,S5_LR1e3,S10_LR1e2,17.101311,17.196221,17.103582
-CkmJ6gGCk8_seg5,S5_LR1e3,S20_LR1e2,23.272158,24.036728,23.141599
-DZiRJ66_1k_seg1,S10_LR1e3,S20_LR1e2,16.866383,16.903266,16.723377
-D_Cg_UCd8k_seg0,S2_LR1e2,S5_LR1e3,16.802832,16.836948,16.807852
-DnOSsiZoEg_seg28,S20_LR5e3,S10_LR1e2,16.474417,16.730912,16.672182
-IyRJSRDP_0_seg48,S5_LR1e3,S10_LR5e3,20.880220,22.071574,22.071574
-IyRJSRDP_0_seg71,S2_LR1e2,S10_LR1e2,22.957595,23.842698,22.877831
-IyRJSRDP_0_seg77,S2_LR1e2,S20_LR5e3,22.991713,23.097042,23.081585
-IyRJSRDP_0_seg99,S2_LR1e2,S10_LR1e2,36.029312,36.189824,36.085341
-JoyhtxhhTk_seg23,S2_LR1e2,S10_LR1e2,25.673163,26.278127,25.455584
-NBHHTMK48A_seg39,S10_LR1e3,S10_LR1e2,18.356703,18.415303,18.411575
-O5HOwvXQy0_seg41,S20_LR1e2,S20_LR1e2,20.665933,20.665933,19.998664
-S5PqDviRIQ_seg18,S2_LR1e2,S20_LR1e2,22.934798,23.152569,23.037918
-W954LYAU1k_seg2,S2_LR1e2,S20_LR1e2,24.596246,27.682893,24.719135
-XmegTG3YdY_seg37,S2_LR1e2,S20_LR5e3,23.101969,23.116609,23.075267
-ZojqIPwTlk_seg1,S20_LR1e2,S20_LR1e2,23.199912,23.199912,23.057610
-ZzLLGdsv9I_seg5,S10_LR1e3,S20_LR1e2,21.995857,22.113348,22.045157
-a1ifFwEekg_seg0,S2_LR1e2,S20_LR1e2,28.460936,29.747981,27.911693
-a1ifFwEekg_seg14,S10_LR1e3,S10_LR1e2,21.447720,21.983508,21.720385
-bMyMYTZGWk_seg2,S20_LR1e2,S2_LR1e2,18.182337,18.236759,18.223641
-e9rVGBzfm8_seg2,S10_LR1e3,S10_LR1e2,21.197610,23.182099,21.276729
-epFYGg65N0_seg10,S2_LR1e2,S2_LR5e3,21.874736,22.509634,21.778769
-hpi8a5A4IE_seg0,S5_LR1e3,S5_LR1e2,15.573271,15.617533,15.132422
-hpi8a5A4IE_seg9,S10_LR1e3,S20_LR1e2,11.890469,13.849549,11.910376
-k8wgnEpfVY_seg35,S5_LR1e3,S20_LR1e2,11.970343,12.416126,11.920649
-mW5uQSJuOQ_seg22,S5_LR1e3,S20_LR1e2,11.262333,11.527504,11.264225
-oFkT1Dy6R0_seg3,S5_LR1e3,S20_LR1e2,11.934748,12.492566,12.061136
-phqocqfktI_seg4,S2_LR1e2,S10_LR1e3,10.974143,11.041325,10.963816
-tM3Xw_CQ50_seg16,S5_LR1e3,S10_LR1e3,21.295705,21.614375,21.228144
-uTEEIN-T8U_seg8,S5_LR1e3,S2_LR1e3,26.312022,26.366157,25.665326
-uWDCDJD_4w_seg10,S10_LR1e3,S10_LR1e2,18.851398,18.861537,18.838677
-vk81-bLG1s_seg8,S5_LR1e3,S20_LR1e2,10.353719,10.401238,10.344245
-yJlaOSOMjg_seg1,S5_LR1e3,S20_LR1e2,28.467257,29.549603,28.224168
-yJlaOSOMjg_seg159,S10_LR1e3,S10_LR1e2,19.661626,19.736647,19.641799
-yJlaOSOMjg_seg186,S5_LR1e3,S20_LR1e2,20.075320,20.354513,20.148221
-yJlaOSOMjg_seg207,S10_LR1e3,S20_LR1e2,17.094898,17.636312,17.439884
-yJlaOSOMjg_seg325,S10_LR1e3,S2_LR1e2,23.794154,23.859915,23.708691
-yJlaOSOMjg_seg333,S10_LR1e3,S20_LR1e2,20.211436,20.248352,20.177058
-yJlaOSOMjg_seg357,S10_LR1e3,S20_LR1e2,16.454519,17.633749,16.504113
-yJlaOSOMjg_seg368,S5_LR1e3,S2_LR1e2,16.091122,16.144412,16.138233
-yJlaOSOMjg_seg90,S5_LR1e3,S20_LR1e2,19.165933,19.708433,19.316990
-znWCBdLoTk_seg2,S5_LR1e3,S10_LR1e3,19.524950,22.220909,22.214109
-znWCBdLoTk_seg6,S5_LR1e3,S20_LR1e3,18.530696,18.668565,18.560911
03AYl9xH9mY_seg34,S10_LR1e3,S5_LR5e3,20.328111,20.352740,20.325671
05-RM8Kw65A_seg5,S10_LR1e3,S10_LR1e3,17.342636,17.342636,17.141193
05ECRfaz22o_seg5,S5_LR1e3,S10_LR5e3,14.044929,20.405288,20.405288
07s4VVXZQqI_seg11,S10_LR1e3,S10_LR5e3,24.975733,25.175650,25.175650
08lgm98IZVM_seg0,S5_LR1e3,S20_LR1e2,23.229068,23.679476,23.077298
0Dbaq0afNxI_seg0,S10_LR1e3,S20_LR1e3,31.377446,31.415117,31.123142
0Dbaq0afNxI_seg14,S10_LR1e3,S5_LR5e3,18.615229,21.133126,20.759866
0Dbaq0afNxI_seg26,S10_LR1e3,S20_LR1e2,18.871859,19.199872,18.775789
0Dbaq0afNxI_seg45,S5_LR1e3,S10_LR1e2,24.958301,25.065547,24.933671
0Dbaq0afNxI_seg51,S10_LR1e2,S5_LR1e2,14.362912,14.732724,14.363735
0Dbaq0afNxI_seg7,S5_LR1e3,S10_LR5e3,18.859591,18.948852,18.948852
0EykXp81_Go_seg3,S5_LR1e2,S20_LR5e3,29.281054,34.341490,30.076371
0Fu-2OM9d_Y_seg17,S5_LR1e3,S10_LR1e2,21.906399,21.949927,21.899259
0ILQqmMmouU_seg1,S20_LR5e3,S20_LR1e2,26.041479,26.122175,25.985895
0K30ADjSUuE_seg144,S2_LR1e2,S20_LR1e3,19.416747,19.450263,19.368960
0K30ADjSUuE_seg16,S10_LR1e3,S2_LR1e3,17.173898,17.378539,17.206263
0K30ADjSUuE_seg161,S5_LR1e3,S10_LR1e3,17.364316,17.377506,17.350664
0K30ADjSUuE_seg166,S2_LR1e2,S20_LR1e2,16.079879,16.621846,15.775712
0K30ADjSUuE_seg212,S10_LR1e3,S2_LR1e3,19.495701,19.664290,19.238310
0K30ADjSUuE_seg217,S10_LR1e3,S5_LR1e2,21.127508,21.275601,21.067903
0K30ADjSUuE_seg26,S2_LR1e2,S20_LR1e2,14.249014,14.831677,14.579694
0K30ADjSUuE_seg39,S10_LR1e3,S10_LR5e3,12.801864,12.881414,12.881414
0K30ADjSUuE_seg55,S2_LR1e2,S2_LR1e2,17.029227,17.029227,16.997665
0K30ADjSUuE_seg59,S5_LR1e3,S20_LR1e2,18.691033,19.007099,18.591066
0K30ADjSUuE_seg77,S10_LR1e3,S2_LR1e3,16.801862,16.819196,16.772706
0K30ADjSUuE_seg81,S5_LR1e2,S2_LR5e3,12.706383,13.019417,12.836692
0K30ADjSUuE_seg90,S5_LR1e3,S2_LR1e3,18.401326,18.481348,18.473810
0KWLi0e-dw8_seg8,S10_LR1e3,S20_LR1e2,17.883795,18.076654,17.897770
0Lq1CPOZHiM_seg45,S5_LR1e3,S20_LR5e3,16.539766,16.687547,16.642624
0Lq1CPOZHiM_seg5,S5_LR1e3,S5_LR5e3,22.151236,22.210152,22.150967
0OsEhl2uhhs_seg15,S20_LR5e3,S5_LR5e3,20.807733,20.837128,20.650143
0RJ4KQhaQUk_seg7,S10_LR1e3,S2_LR1e3,15.719152,15.809575,15.710799
0U-eB6suXJ4_seg46,S10_LR1e3,S20_LR1e2,17.797863,17.827279,17.798794
0U-eB6suXJ4_seg58,S5_LR1e3,S20_LR1e2,15.602189,15.662680,15.612931
0U-eB6suXJ4_seg75,S5_LR1e3,S20_LR1e2,18.416806,18.622383,18.452458
0U-eB6suXJ4_seg85,S5_LR1e3,S10_LR1e2,24.192702,24.247603,24.205473
0X682OhqCfs_seg0,S2_LR1e2,S20_LR1e2,21.080692,22.512941,21.763845
0X682OhqCfs_seg18,S10_LR1e3,S20_LR1e2,25.469766,25.725928,25.473713
0X682OhqCfs_seg21,S10_LR1e3,S10_LR1e2,14.383954,14.461335,14.438166
0_9tSxULjqc_seg13,S10_LR1e3,S10_LR1e2,25.419988,25.481138,25.370913
0a4fVWcV98c_seg1,S5_LR1e3,S20_LR5e3,21.706491,22.030585,21.750153
0bD9zhVygmM_seg0,S2_LR1e2,S2_LR5e3,17.594246,17.612365,17.593435
0bRKBf9f0m4_seg5,S2_LR1e2,S5_LR1e3,39.975347,40.033945,39.949288
0cmLWPGnCSg_seg1,S5_LR1e3,S10_LR1e2,20.512929,21.411693,20.971719
0efF5iRvmr4_seg18,S10_LR1e3,S5_LR1e3,20.504115,20.541976,20.516563
0efF5iRvmr4_seg36,S5_LR1e3,S10_LR1e3,16.464161,16.688325,16.381081
0efF5iRvmr4_seg45,S10_LR1e3,S10_LR5e3,17.836834,17.947710,17.947710
0efF5iRvmr4_seg99,S5_LR1e3,S20_LR1e2,11.876623,11.966753,11.922377
0fs9oz_H3cc_seg0,S10_LR1e3,S20_LR1e2,15.404333,15.471061,15.386973
0gTR1XBs310_seg13,S5_LR1e3,S2_LR1e2,17.913339,17.990175,17.641508
0gTR1XBs310_seg2,S2_LR1e2,S10_LR1e3,20.928890,21.177739,21.165641
0hNb0sD7bD8_seg32,S2_LR1e2,S20_LR1e2,33.594529,33.859892,33.510954
0jRziZbb2Vs_seg6,S5_LR1e3,S10_LR1e3,16.848792,17.131574,17.130005
0ku50S9JDqw_seg14,S5_LR1e3,S10_LR1e2,16.516818,16.907329,16.527024
0lyl_1H-w_U_seg44,S10_LR1e3,S20_LR1e2,14.947659,15.105333,14.947595
0nFRgYAdlvw_seg8,S10_LR1e3,S5_LR1e2,21.236982,21.417778,21.384075
0nNcKFSQJjo_seg10,S2_LR1e2,S10_LR5e3,21.718963,21.760166,21.760166
0nNcKFSQJjo_seg5,S10_LR1e3,S5_LR1e3,15.326736,15.343514,15.237721
0oO9QnBJrkM_seg2,S5_LR1e3,S10_LR1e3,21.155924,21.161444,21.151577
0oyqPZJj-2w_seg11,S2_LR1e2,S5_LR1e3,15.462557,15.558643,15.494833
0q5NniAlPus_seg6,S5_LR1e3,S2_LR1e2,21.752058,22.225667,21.938549
0q7Et2pP7EU_seg6,S5_LR1e3,S20_LR1e2,13.355902,13.775620,13.281381
0qOe2JERLU0_seg2,S10_LR1e3,S10_LR1e2,14.422721,14.549165,14.520091
0r7iae2rjWE_seg11,S5_LR1e3,S2_LR1e3,18.188014,18.203112,18.016548
0r7iae2rjWE_seg48,S5_LR1e3,S2_LR5e3,17.527719,17.614587,17.430421
0tJ_79J7Pj4_seg12,S10_LR1e3,S2_LR5e3,24.047267,24.074349,24.043734
0tJ_79J7Pj4_seg38,S10_LR1e3,S5_LR1e3,20.433849,20.457549,20.336236
0tJ_79J7Pj4_seg40,S10_LR1e3,S10_LR1e3,24.083174,24.083174,23.978708
0trRGGlsgWs_seg1,S5_LR1e2,S5_LR1e2,16.307376,16.307376,16.152793
0twFCbBsHPA_seg10,S20_LR5e3,S10_LR1e2,20.260680,20.400196,20.319801
0twFCbBsHPA_seg39,S5_LR1e3,S2_LR5e3,24.497620,24.565507,24.447645
0x9owj9a4IE_seg122,S10_LR1e3,S20_LR1e2,18.339696,18.344944,18.309861
0x9owj9a4IE_seg45,S5_LR1e3,S5_LR5e3,19.370635,19.399671,19.327045
0x9owj9a4IE_seg53,S10_LR1e2,S20_LR1e2,22.008632,23.520290,22.020366
0yaMCcraE80_seg2,S5_LR1e3,S5_LR1e3,18.670713,18.670713,18.486709
0yaMCcraE80_seg3,S5_LR1e3,S10_LR1e2,15.534666,15.626328,15.562831
111-d5e672s_seg2,S5_LR1e3,S10_LR1e2,13.082812,13.267321,13.149471
111-d5e672s_seg8,S5_LR1e3,S20_LR1e2,16.871528,16.986213,16.745438
122HsYWnIPc_seg3,S5_LR1e3,S20_LR1e3,15.580778,15.603738,15.587350
15pPxrd9frY_seg7,S10_LR1e3,S10_LR1e2,10.431838,10.965675,10.479023
16s_vkuhKJQ_seg2,S10_LR1e3,S20_LR1e2,28.931200,29.938180,28.949157
19u7wmdSNxk_seg11,S2_LR1e2,S5_LR1e3,19.770328,21.185202,20.923181
19u7wmdSNxk_seg17,S5_LR1e3,S2_LR1e3,25.781610,25.808932,25.673886
19u7wmdSNxk_seg8,S5_LR1e3,S20_LR1e2,32.178482,32.266675,32.227391
1AGeY2YB_8k_seg17,S20_LR5e3,S10_LR1e3,25.565430,26.225678,25.671820
1Bal7K_OC_Q_seg29,S10_LR1e3,S10_LR1e2,20.683661,20.932326,20.445493
1Bal7K_OC_Q_seg4,S10_LR1e3,S20_LR1e2,18.778043,18.846714,18.809934
1Fwm_iaqoTs_seg2,S5_LR1e3,S20_LR1e3,22.901945,23.027114,22.982101
1G9AS-NELXk_seg13,S5_LR1e3,S20_LR1e2,24.168332,24.295011,23.881584
1G9AS-NELXk_seg5,S5_LR1e3,S20_LR5e3,16.827479,16.897177,16.857312
1G9AS-NELXk_seg52,S5_LR1e3,S5_LR1e2,13.006415,13.223100,13.215880
1G9AS-NELXk_seg90,S10_LR1e3,S10_LR1e2,17.597142,17.878033,17.614434
1G9AS-NELXk_seg91,S10_LR1e3,S20_LR5e3,20.204740,20.838829,20.373012
1H5BM_ujzlY_seg2,S5_LR1e3,S20_LR1e2,15.054128,15.510717,15.013444
1JVouCMHwDY_seg1,S20_LR1e2,S10_LR1e2,23.886450,24.502059,24.441398
1JcpgDM6eqo_seg1,S2_LR1e2,S20_LR1e2,15.436043,15.516221,15.461639
1LcKk-1lQi0_seg0,S2_LR1e2,S5_LR1e3,36.446450,36.467939,36.400656
1P8xTU7yixE_seg9,S5_LR1e3,S10_LR5e3,15.899148,17.254898,17.254898
1QXkVOwkSqc_seg18,S5_LR1e3,S20_LR1e2,16.168978,16.451202,15.499360
1QiRhM-fZx4_seg4,S5_LR1e3,S10_LR5e3,33.136091,35.815147,35.815147
1QqX2xBa0dQ_seg2,S10_LR1e3,S2_LR5e3,21.287312,21.429776,21.289496
1SScXKGxL-o_seg17,S2_LR5e3,S20_LR5e3,14.902915,14.941931,14.908502
1Sv4pg5t6Hw_seg13,S10_LR1e3,S10_LR1e2,21.787304,21.870347,21.869089
1Sv4pg5t6Hw_seg28,S10_LR1e3,S20_LR1e3,14.249363,14.322799,14.263342
1Sv4pg5t6Hw_seg6,S2_LR1e2,S20_LR5e3,14.835107,14.857956,14.801807
1UYmL0zT1yc_seg10,S2_LR1e2,S10_LR1e2,29.200195,29.524705,29.294651
1UYmL0zT1yc_seg17,S10_LR1e3,S20_LR1e2,30.947401,33.320567,31.041098
1UYmL0zT1yc_seg23,S10_LR1e3,S5_LR5e3,23.078321,23.743686,23.668650
1VDdDTS8F6g_seg3,S2_LR1e2,S20_LR1e2,10.341319,10.949238,10.467342
1WQI0pVR1A4_seg16,S2_LR1e2,S20_LR1e2,11.830080,12.265869,11.789420
1XelZPTIMvA_seg0,S10_LR1e3,S2_LR1e2,16.820136,17.286068,15.940170
1ZJteA0wB3c_seg50,S10_LR1e3,S20_LR1e2,26.571550,26.760318,26.488020
1_v8BuB5RsI_seg2,S2_LR1e2,S5_LR1e3,23.073096,23.077712,23.004950
1dr_qpnommw_seg15,S5_LR1e3,S10_LR1e2,17.769622,18.336291,17.816463
1dr_qpnommw_seg33,S5_LR1e3,S20_LR1e2,20.441630,21.212957,20.522423
1eYWoW1_pSY_seg24,S10_LR1e3,S20_LR1e2,12.567115,12.651656,12.561160
1eYWoW1_pSY_seg31,S10_LR1e3,S5_LR1e2,17.749051,17.763100,17.731484
1ekJVSe7Yzo_seg7,S5_LR1e3,S20_LR1e2,25.526092,26.567965,25.342531
1ep07fnHrL4_seg1,S5_LR1e3,S2_LR1e2,18.211207,19.110198,18.270725
1fJafRJW-bk_seg15,S10_LR1e3,S5_LR1e2,20.051066,20.131491,20.062178
1fJafRJW-bk_seg23,S10_LR1e3,S5_LR1e2,17.386181,17.477207,17.348259
1lQNYJ_iV1E_seg4,S10_LR1e3,S10_LR1e2,16.763050,17.897416,15.266538
1mESBN7EzqI_seg6,S2_LR1e2,S10_LR5e3,16.378430,16.426228,16.426228
1mESBN7EzqI_seg8,S10_LR1e3,S2_LR5e3,11.539054,11.624137,11.481073
1nKKidxj4ZQ_seg1,S5_LR1e3,S5_LR5e3,28.650803,28.685327,28.683331
1nZ0fd1gxWo_seg12,S10_LR1e3,S20_LR1e2,24.681153,24.792827,24.585419
1nZ0fd1gxWo_seg9,S5_LR1e3,S5_LR1e2,24.125382,24.166066,24.103763
1opHNGppnT8_seg10,S5_LR1e3,S2_LR1e3,15.912476,16.063397,15.880581
1oy4loc75U4_seg16,S2_LR1e2,S20_LR1e2,15.738168,16.198719,15.777058
1p4_JjAie-4_seg13,S5_LR1e3,S10_LR1e2,13.438943,14.798370,14.720590
1p4_JjAie-4_seg7,S10_LR1e3,S20_LR1e2,11.920199,12.958339,12.263134
1q2irDJWFb0_seg10,S10_LR1e3,S20_LR1e2,19.624199,20.569415,20.320916
1uI0pzU5Oic_seg24,S10_LR1e3,S10_LR1e2,18.640968,18.703359,18.683658
1yb8hc7omz8_seg2,S2_LR1e2,S20_LR5e3,20.857122,24.506139,20.316933
1ynNnSbkT6A_seg6,S5_LR1e2,S10_LR1e2,11.916470,12.061090,11.751501
21HfqTi17ZA_seg18,S5_LR1e3,S20_LR1e2,22.422784,22.920028,22.339936
22-yhqtsVWw_seg11,S20_LR5e3,S10_LR1e2,19.892376,19.983677,19.492847
24-oeAg0VjE_seg27,S5_LR1e3,S20_LR1e2,23.075362,23.611830,23.113866
24-oeAg0VjE_seg45,S2_LR1e2,S10_LR5e3,18.884521,19.068491,19.068491
24-oeAg0VjE_seg48,S10_LR1e3,S10_LR1e3,26.351155,26.351155,26.346283
27ATusOtcUU_seg101,S5_LR1e3,S10_LR1e2,23.060368,23.129333,23.049464
27ATusOtcUU_seg72,S10_LR1e3,S5_LR1e2,17.924752,18.054269,17.909737
27ATusOtcUU_seg82,S5_LR1e3,S10_LR1e2,18.278391,18.609641,18.328752
28Ea3Cxk7wY_seg14,S2_LR1e2,S20_LR1e2,13.490911,13.584526,13.563434
2B-b5HYTfbA_seg11,S5_LR1e3,S20_LR1e2,14.018856,14.814158,14.008358
2FF0velPHp4_seg36,S10_LR1e3,S10_LR1e2,14.640158,14.965959,14.639836
2GSKBvdE5a8_seg7,S5_LR1e3,S2_LR5e3,20.128496,21.077819,20.876459
2IJ0HQ_QrQs_seg29,S10_LR1e3,S2_LR1e3,22.417347,22.506422,22.362892
2IJ0HQ_QrQs_seg32,S10_LR1e3,S5_LR1e3,28.452328,28.995719,26.354152
2IttrWtN15g_seg19,S10_LR1e3,S10_LR1e2,14.703080,15.144142,14.995727
2Kl0JznbNHA_seg6,S5_LR1e3,S5_LR1e2,19.789928,19.971142,19.799389
2L_4Pal0zXg_seg0,S10_LR1e3,S20_LR1e2,17.748388,17.880079,17.795343
2NmKnTd3u1c_seg9,S2_LR1e3,S10_LR1e2,21.020056,21.090842,21.002453
2O05boE-tWA_seg15,S10_LR1e3,S10_LR1e2,18.024065,18.182922,17.997790
2Qlrwei1fZk_seg15,S2_LR1e2,S10_LR1e3,15.849695,15.874867,15.817502
2SpNjBI1lu0_seg14,S10_LR1e3,S10_LR1e3,22.920982,22.920982,22.893156
2SpNjBI1lu0_seg15,S2_LR1e2,S10_LR5e3,15.458716,15.465970,15.465970
2UVEbAkpD4Q_seg34,S2_LR1e2,S10_LR1e2,11.814504,12.373594,11.834640
2UVEbAkpD4Q_seg50,S10_LR1e3,S20_LR1e2,11.644891,11.788656,11.690846
2UVEbAkpD4Q_seg52,S5_LR1e3,S20_LR1e2,15.226141,15.295183,15.206922
2UVEbAkpD4Q_seg58,S10_LR1e3,S10_LR5e3,16.159160,16.203074,16.203074
2V5SZ4Unq5Q_seg12,S2_LR1e2,S20_LR1e2,24.702165,25.585330,24.349103
2VAbY-mdrRg_seg2,S10_LR1e3,S5_LR1e3,13.765898,14.338264,13.763006
2VAbY-mdrRg_seg8,S2_LR1e2,S10_LR1e2,21.234670,21.812101,21.776360
2XLebo7XxIg_seg21,S10_LR1e3,S5_LR5e3,10.081709,10.167218,10.045557
2XLebo7XxIg_seg24,S5_LR1e3,S5_LR5e3,13.384025,13.403941,13.402790
2a_gDg2j7Os_seg6,S10_LR1e3,S20_LR1e2,16.601501,17.336803,16.719212
2d6rqVIZa40_seg19,S10_LR1e3,S2_LR1e3,15.621925,15.702496,15.457300
2d6rqVIZa40_seg8,S5_LR1e3,S10_LR1e2,18.339734,18.485909,18.467334
2dBG-nL15J0_seg19,S5_LR1e3,S20_LR1e2,19.466219,19.526554,19.483147
2din5kmNqfw_seg32,S2_LR1e2,S20_LR1e2,10.882570,10.985278,10.887293
2din5kmNqfw_seg82,S5_LR1e3,S20_LR1e2,14.844728,16.581317,13.001112
2din5kmNqfw_seg92,S10_LR1e3,S20_LR1e2,13.105655,13.900250,12.910958
2fEWHoxiC4o_seg23,S10_LR1e3,S20_LR1e2,14.242238,14.597070,14.280906
2fEWHoxiC4o_seg24,S5_LR1e3,S20_LR1e2,17.570476,18.130432,17.948156
2fQpwNk_ti8_seg55,S2_LR1e2,S20_LR5e3,19.217214,19.291474,19.274582
2fQpwNk_ti8_seg59,S10_LR1e3,S5_LR5e3,24.784496,24.817328,24.780241
2fQpwNk_ti8_seg62,S5_LR1e3,S5_LR1e3,17.238352,17.238352,16.875784
2fnEVge2DoA_seg4,S5_LR1e3,S20_LR1e2,14.666753,16.038310,14.725914
2fnEVge2DoA_seg5,S5_LR1e3,S20_LR5e3,12.443553,12.607907,12.402690
2hYgqQvozq4_seg7,S2_LR1e2,S20_LR5e3,10.805900,11.923195,10.739543
2iC-G7KXTBU_seg35,S10_LR1e3,S5_LR1e3,25.287899,25.308843,25.280120
2iC-G7KXTBU_seg43,S10_LR1e3,S5_LR1e3,27.036469,27.058128,26.995031
2kGVjiSITnY_seg26,S20_LR5e3,S2_LR1e3,22.545629,24.861868,24.152583
2kmJfKozQlY_seg22,S10_LR1e3,S5_LR1e2,18.658751,18.709130,18.676382
2kmJfKozQlY_seg6,S10_LR1e3,S10_LR1e2,19.462078,19.482224,19.397196
2lTt2qrZd_w_seg8,S5_LR1e3,S2_LR1e3,22.536567,22.573627,22.551144
2mFVoIjkbTo_seg37,S2_LR1e2,S20_LR1e2,25.115077,25.249301,25.112691
2mFVoIjkbTo_seg44,S10_LR1e3,S20_LR1e2,19.853234,20.263166,19.427740
2nQRw9nlIWM_seg66,S2_LR1e2,S20_LR5e3,29.018572,29.283832,29.267248
2omJVL3_Jes_seg7,S5_LR1e3,S20_LR1e2,17.376929,17.671959,17.353712
2omJVL3_Jes_seg8,S10_LR1e3,S5_LR1e2,25.561120,25.603821,25.484598
2rFkHY4F7_c_seg11,S5_LR1e3,S10_LR1e2,22.814664,22.948767,22.776403
2rFkHY4F7_c_seg6,S2_LR1e2,S5_LR1e2,15.640540,15.724330,15.417981
2sUX6E6tW3M_seg42,S2_LR1e2,S10_LR1e2,16.318742,16.351565,16.323451
2u8loSpKtko_seg13,S5_LR1e3,S2_LR5e3,15.928859,16.315700,15.999485
2vUMiBZeIm0_seg24,S2_LR1e2,S20_LR1e3,15.267876,15.373190,15.282271
2vUMiBZeIm0_seg4,S5_LR1e3,S20_LR1e2,14.410304,14.497067,14.439736
2vVKf2cWUxo_seg25,S2_LR1e2,S2_LR1e2,19.680210,19.680210,19.669505
2vnZczhMxfU_seg11,S5_LR1e3,S20_LR1e2,8.922632,10.919571,8.844043
2vtyYp0r-pk_seg25,S5_LR1e3,S20_LR1e2,17.728953,17.767766,17.668193
2wn7S5T29F4_seg20,S2_LR1e2,S20_LR1e2,17.478897,17.755339,17.490796
2wn7S5T29F4_seg21,S2_LR1e2,S20_LR5e3,36.516132,36.672355,36.517737
2wn7S5T29F4_seg3,S10_LR1e3,S20_LR5e3,22.175097,22.789781,21.397697
3-uVOKYElKw_seg7,S2_LR1e2,S20_LR1e2,12.432537,12.710075,12.424133
32bxll7pv9U_seg11,S10_LR1e3,S20_LR1e2,17.455927,17.530192,17.495437
32bxll7pv9U_seg6,S10_LR1e3,S2_LR5e3,14.781526,14.864050,14.677012
32bxll7pv9U_seg7,S5_LR1e3,S5_LR1e2,15.344675,15.446273,15.343851
35BmVWkASB4_seg21,S10_LR1e3,S5_LR1e2,13.526796,13.555243,13.510670
35BmVWkASB4_seg24,S10_LR1e3,S20_LR5e3,16.351510,16.433665,16.424244
3741iMndYcc_seg2,S2_LR1e2,S20_LR1e2,20.693602,21.419957,20.936428
3741iMndYcc_seg31,S2_LR1e2,S20_LR5e3,11.301616,11.312941,11.296779
3741iMndYcc_seg34,S2_LR1e2,S20_LR1e2,11.913982,12.014111,11.936160
3AJBZeAP09Q_seg4,S5_LR1e3,S20_LR1e2,18.887247,25.293282,18.919870
3AeNjDFcZG4_seg3,S5_LR1e3,S5_LR1e2,27.264042,27.350178,27.341849
3CkjSU9t-OU_seg21,S5_LR1e3,S20_LR1e2,15.419317,16.006465,15.435334
3CsRKAafHbk_seg19,S10_LR1e3,S2_LR1e2,27.288468,27.459456,27.426265
3CsRKAafHbk_seg32,S2_LR1e2,S5_LR1e2,20.109935,20.191344,20.071180
3CxIJc0Jses_seg6,S20_LR1e2,S20_LR1e2,21.538600,21.538600,21.248001
3DMgmarL9Hc_seg6,S5_LR1e3,S10_LR1e2,18.096612,18.316051,18.186173
3Ey-LV9hcfo_seg26,S5_LR1e3,S20_LR5e3,22.375463,22.735421,22.360746
3Ey-LV9hcfo_seg36,S10_LR1e3,S5_LR1e3,18.932498,18.945209,18.826101
3FOmwop5vc8_seg2,S5_LR1e3,S5_LR1e3,23.067997,23.067997,23.026943
3FpRFQ9Lelc_seg13,S10_LR1e3,S5_LR1e2,17.266060,17.289069,17.045649
3FpRFQ9Lelc_seg35,S5_LR1e3,S5_LR1e3,16.950344,16.950344,16.846448
3I7xrjc-Z6o_seg19,S10_LR1e3,S2_LR1e2,11.160372,11.249141,11.181511
3IFkWOZYyBQ_seg27,S5_LR1e3,S5_LR1e2,17.521107,17.566970,17.562651
3IFkWOZYyBQ_seg29,S10_LR1e3,S20_LR1e2,16.623158,16.667748,16.502281
3J7p_3sZ2ck_seg10,S5_LR1e3,S20_LR1e2,25.693341,26.624008,26.259234
3JxrNBpgXME_seg0,S10_LR1e3,S20_LR1e2,24.469882,24.504304,24.456769
3LYpJCObYFY_seg2,S2_LR1e2,S2_LR1e3,23.212845,23.268636,23.116323
3MZ9QVRm4is_seg22,S10_LR1e3,S10_LR1e2,18.984616,19.207805,19.110034
3MZ9QVRm4is_seg27,S5_LR1e3,S20_LR1e2,18.827225,18.970641,18.804048
3MZ9QVRm4is_seg51,S5_LR1e3,S20_LR1e2,19.079968,19.083316,19.018541
3NfA0HTfnSo_seg0,S20_LR5e3,S5_LR1e3,23.444518,23.511156,23.336965
3NfUEbWA138_seg3,S5_LR5e3,S20_LR1e3,14.519557,14.568337,14.300469
3QxdI76GYIE_seg1,S5_LR1e3,S2_LR1e2,19.332526,19.451949,19.265265
3QxdI76GYIE_seg16,S5_LR1e3,S10_LR5e3,11.122541,11.156421,11.156421
3QxdI76GYIE_seg24,S2_LR1e2,S10_LR1e2,14.177966,14.389340,14.309379
3QxdI76GYIE_seg29,S2_LR1e2,S20_LR1e2,8.314416,8.519041,8.352872
3QxdI76GYIE_seg4,S10_LR1e3,S20_LR1e2,12.159250,13.206240,11.887810
3TJ88NzjxPg_seg8,S2_LR1e2,S5_LR1e2,12.393401,12.527779,12.437396
3WkAX24d-Og_seg1,S10_LR1e3,S2_LR1e2,27.938689,28.011590,27.917399
3WoY6cojpwQ_seg19,S5_LR1e3,S2_LR1e3,23.532769,24.667537,24.524719
3XSfRAJaL48_seg19,S10_LR1e3,S10_LR1e2,17.968596,18.115068,17.922064
3XSfRAJaL48_seg23,S20_LR1e2,S20_LR1e3,18.191378,18.510169,18.487976
3_JR6QBIFVo_seg47,S10_LR1e3,S20_LR5e3,20.167799,20.462173,20.241528
3_JR6QBIFVo_seg7,S5_LR1e3,S10_LR1e2,37.772055,37.891811,37.847408
3_grhZzuP08_seg16,S5_LR1e3,S20_LR1e3,14.100892,14.158921,14.089136
3bP0TO__I0Q_seg56,S5_LR1e3,S10_LR1e2,11.630258,12.057712,11.740215
3cKu5m6z20A_seg32,S5_LR1e3,S5_LR5e3,19.201321,19.217435,19.173074
3cKu5m6z20A_seg4,S5_LR1e3,S20_LR5e3,14.117267,14.173812,14.140104
3cKu5m6z20A_seg52,S10_LR1e3,S10_LR1e2,18.755745,18.863106,18.753654
3cKu5m6z20A_seg6,S5_LR1e3,S20_LR1e2,17.954369,18.944885,17.392939
3cKu5m6z20A_seg61,S10_LR1e3,S20_LR1e2,16.549872,16.873698,16.629920
3dHcR5-dPH4_seg32,S2_LR1e2,S20_LR1e2,17.699133,17.827164,17.693866
3dHcR5-dPH4_seg5,S10_LR1e3,S2_LR1e3,20.043939,20.094916,20.015808
3e5kgnjhHK4_seg28,S2_LR1e3,S10_LR1e2,18.738889,19.707136,18.841665
3f3qpwbUJSA_seg0,S5_LR1e3,S20_LR1e2,22.978224,23.083679,22.985920
3f3qpwbUJSA_seg30,S10_LR1e3,S20_LR1e2,22.883701,23.227795,22.962981
3f_cAy8ugvQ_seg5,S5_LR1e3,S10_LR1e2,13.723300,13.819811,13.789219
3gmsJGZKeak_seg15,S5_LR1e3,S10_LR1e2,19.134202,19.176384,19.138791
3iX9ybdgbPA_seg11,S10_LR1e3,S10_LR1e3,20.145400,20.145400,20.089077
3iX9ybdgbPA_seg8,S2_LR1e2,S5_LR1e2,16.463453,16.498236,16.388851
3l4KXgg5oGs_seg6,S5_LR1e3,S20_LR1e2,26.594685,27.409423,26.963545
3mQnsPGHLp8_seg112,S2_LR1e2,S20_LR5e3,14.035953,14.198185,13.892697
3mQnsPGHLp8_seg120,S5_LR1e3,S20_LR1e2,8.975865,9.351687,8.734910
3mQnsPGHLp8_seg47,S10_LR1e3,S20_LR1e2,9.164390,9.604219,9.140797
3mQnsPGHLp8_seg67,S10_LR1e3,S20_LR1e2,13.038829,13.047298,12.923136
3mQnsPGHLp8_seg73,S2_LR1e2,S20_LR1e2,10.136808,10.154748,10.129879
3mQnsPGHLp8_seg9,S5_LR1e3,S20_LR5e3,10.038793,10.144029,10.094949
3qn9FcZZe7E_seg16,S10_LR1e3,S10_LR1e3,15.877141,15.877141,15.827183
3qn9FcZZe7E_seg22,S2_LR1e2,S5_LR1e2,23.533302,24.040867,23.192501
3quwc_A6t4s_seg26,S10_LR1e3,S20_LR1e2,18.334239,18.413663,18.356240
3quwc_A6t4s_seg53,S2_LR1e2,S10_LR1e2,15.726384,16.372582,15.788316
3quwc_A6t4s_seg72,S10_LR1e3,S10_LR1e2,13.498914,13.857918,13.800913
3quwc_A6t4s_seg73,S5_LR1e3,S20_LR5e3,13.647339,13.693942,13.674335
3quwc_A6t4s_seg75,S10_LR1e3,S10_LR5e3,16.541091,16.555699,16.555699
3rdeuIj_V3A_seg17,S10_LR1e3,S2_LR1e2,14.425354,14.829746,14.128748
3rdeuIj_V3A_seg68,S5_LR1e3,S2_LR1e3,13.920384,13.943338,12.391050
3rdeuIj_V3A_seg94,S5_LR1e3,S2_LR1e2,13.944999,14.156930,13.745170
3s8cy1_8irk_seg1,S5_LR1e3,S2_LR1e3,21.266486,21.401577,21.301090
3skDNH_jE_g_seg6,S2_LR1e2,S2_LR1e3,29.565467,29.652708,29.338608
3u-WKDxjnNY_seg19,S5_LR1e3,S2_LR5e3,19.941393,19.961387,19.940514
3v0pHMHCL8Q_seg3,S10_LR1e3,S10_LR5e3,18.160893,18.333718,18.333718
3vJgfHXaFw0_seg15,S10_LR1e3,S20_LR1e2,15.544901,15.720976,15.543475
3wfI7FE68ZE_seg4,S5_LR1e3,S10_LR1e2,13.834088,14.027783,13.898967
3yumLKlB_Ww_seg26,S10_LR1e3,S10_LR5e3,30.413831,30.758412,30.758412
3zjzRA3h194_seg4,S2_LR1e2,S20_LR1e2,23.170215,24.212919,23.144269
4-YLpUiClU4_seg18,S5_LR1e3,S10_LR1e2,12.071823,12.199599,12.145627
4-u24nxcnKI_seg11,S5_LR1e3,S20_LR1e2,24.139066,24.184743,24.139200
40LnAfId60Y_seg3,S10_LR1e3,S20_LR1e2,16.925183,16.962284,16.930049
41GlrMHerto_seg15,S10_LR1e3,S2_LR1e2,19.798497,19.939963,19.789186
41GlrMHerto_seg24,S10_LR1e3,S10_LR1e2,9.264155,9.451743,9.297535
41s12ORkekE_seg3,S5_LR1e3,S2_LR1e2,18.108735,18.226254,17.672152
44-KeyAP8yU_seg33,S2_LR1e2,S10_LR1e3,29.607456,30.086689,28.982949
44rluUpYtwo_seg0,S5_LR1e3,S20_LR1e2,14.620453,14.936998,14.542391
477RiSrmnJo_seg4,S10_LR1e3,S5_LR1e3,21.788533,21.936189,21.746489
487SXKammfY_seg31,S10_LR1e3,S5_LR5e3,17.416715,18.108334,17.212070
49biC7aWOKA_seg1,S5_LR1e3,S10_LR5e3,15.859547,15.883941,15.883941
49biC7aWOKA_seg9,S10_LR1e3,S5_LR1e2,16.842782,17.221006,16.833125
49uTryQC52A_seg15,S5_LR1e3,S10_LR5e3,14.634822,14.901382,14.901382
4Az-tphCyeY_seg1,S2_LR1e2,S20_LR1e2,14.478483,14.587821,14.529770
4Az-tphCyeY_seg23,S10_LR1e3,S20_LR1e2,11.632547,11.782611,11.597827
4CRy4J-OlNU_seg7,S10_LR1e3,S20_LR5e3,21.013120,22.977671,20.723930
4FZqASIwVlg_seg1,S2_LR1e2,S5_LR5e3,20.829512,21.125012,21.043823
4FZqASIwVlg_seg13,S5_LR1e3,S2_LR5e3,19.753991,19.852374,19.660797
4FZqASIwVlg_seg23,S10_LR1e3,S10_LR1e2,18.955059,19.574338,18.005801
4FZqASIwVlg_seg38,S10_LR1e3,S20_LR1e2,16.322527,20.650142,16.505022
4FZqASIwVlg_seg41,S2_LR1e2,S20_LR5e3,17.804299,18.059410,17.768230
4FZqASIwVlg_seg57,S10_LR1e3,S10_LR1e3,18.569112,18.569112,18.434322
4FZqASIwVlg_seg77,S5_LR1e3,S5_LR1e3,16.857767,16.857767,16.842965
4Ie9g24Js-A_seg9,S10_LR1e3,S20_LR5e3,18.229193,18.250728,18.207324
4KkKC2HpNMw_seg35,S5_LR1e3,S20_LR5e3,17.021370,18.031530,17.857394
4KkKC2HpNMw_seg43,S5_LR1e3,S20_LR5e3,16.043669,16.355426,16.049210
4KkKC2HpNMw_seg57,S5_LR1e3,S10_LR1e3,26.310980,26.565158,24.862134
4MHzl26nJ2Y_seg5,S5_LR1e3,S20_LR5e3,13.835996,13.864660,13.825085
4N0CF0t45JA_seg12,S5_LR1e3,S5_LR5e3,27.583768,27.638465,27.525581
4Qkuh_C2Nvs_seg15,S5_LR1e3,S20_LR1e2,17.749171,17.895100,17.794506
4Qkuh_C2Nvs_seg6,S5_LR1e3,S10_LR1e3,21.752077,21.792504,21.729137
4Re9yTAOahY_seg2,S10_LR1e3,S20_LR1e2,27.004378,28.893771,27.197348
4UeC19nkrBc_seg10,S10_LR1e3,S2_LR1e3,26.342562,26.382681,26.325761
4UeC19nkrBc_seg86,S5_LR1e3,S2_LR1e3,19.482585,19.532951,19.308354
4W9QhcpN-ys_seg26,S2_LR1e2,S10_LR5e3,24.498272,24.567160,24.567160
4WgtO8n5A14_seg1,S10_LR1e3,S10_LR1e3,27.394040,27.394040,27.270988
4XHoGfQfdbE_seg3,S2_LR1e2,S20_LR1e2,27.751812,28.580243,28.202963
4XHoGfQfdbE_seg4,S10_LR1e3,S5_LR5e3,31.842126,31.849065,31.583521
4XvRZeLA0S0_seg15,S5_LR1e3,S5_LR1e2,12.919366,12.952960,12.899220
4XvRZeLA0S0_seg34,S5_LR1e3,S5_LR5e3,10.739087,11.320359,10.748577
4XvRZeLA0S0_seg45,S5_LR1e3,S20_LR1e2,17.596778,17.851190,16.572271
4ZM0FnRmxNk_seg13,S2_LR1e2,S5_LR1e3,19.062952,19.155760,19.069488
4ZM0FnRmxNk_seg15,S5_LR1e3,S5_LR5e3,19.333729,19.376007,19.331617
4ZM0FnRmxNk_seg21,S5_LR1e3,S10_LR1e2,21.462632,21.475675,20.383887
4ZM0FnRmxNk_seg32,S5_LR1e3,S10_LR5e3,17.066611,17.178145,17.178145
4_H7lujyGtE_seg16,S5_LR1e3,S20_LR1e2,18.053872,18.211728,18.043659
4_Sn0IHMaCc_seg10,S5_LR1e3,S20_LR1e2,11.910377,12.367974,12.102792
4aZNYnwsquM_seg8,S5_LR1e3,S20_LR1e2,22.838789,24.608370,22.796689
4d8Smvh1r6o_seg8,S5_LR1e3,S20_LR1e2,15.882158,15.972075,15.895033
4gTYuRXTuaU_seg1,S2_LR1e2,S20_LR5e3,19.261798,19.444620,19.276068
4gpu6i-1bWM_seg11,S2_LR1e2,S5_LR1e2,26.955900,27.970976,27.232874
4gpu6i-1bWM_seg40,S10_LR1e3,S20_LR1e2,24.560168,24.859780,24.522407
4gpu6i-1bWM_seg71,S10_LR1e3,S5_LR1e2,15.980794,17.410286,16.024527
4gpu6i-1bWM_seg74,S10_LR1e3,S20_LR1e2,14.192727,14.254904,14.206420
4kHVLZbruEM_seg4,S5_LR1e3,S5_LR1e2,23.900155,24.147319,23.882260
4kRuNYZCzdQ_seg5,S5_LR1e3,S2_LR1e3,19.272899,19.412420,19.265458
4n0kXj98ZaI_seg9,S10_LR1e3,S5_LR1e2,20.747532,20.775439,20.703959
4oRT7PoXSS0_seg3,S10_LR1e3,S2_LR1e2,24.043593,24.082472,24.048341
4q4c-owkT2w_seg2,S10_LR1e3,S10_LR1e2,19.858835,21.059328,19.998494
4u-sC-Jl76I_seg11,S2_LR1e2,S20_LR1e2,17.777111,18.243868,17.867498
4u-sC-Jl76I_seg135,S10_LR1e3,S10_LR1e3,21.539445,21.539445,21.441240
4u-sC-Jl76I_seg52,S5_LR1e3,S20_LR1e2,20.281780,20.420703,20.344851
4u-sC-Jl76I_seg55,S10_LR1e3,S20_LR5e3,19.830098,21.001434,19.803344
4u-sC-Jl76I_seg88,S2_LR1e2,S20_LR1e2,19.067838,19.648198,19.040877
4u-sC-Jl76I_seg89,S10_LR1e3,S5_LR1e2,18.643179,18.754023,18.628688
4xJpsbk7RL0_seg17,S2_LR1e2,S20_LR1e2,21.251939,21.523777,21.266526
4xJpsbk7RL0_seg9,S10_LR1e3,S2_LR1e2,17.179884,17.210482,17.158258
5-KUdkorvaw_seg10,S5_LR1e3,S20_LR1e2,29.076487,30.262909,29.351949
5-KUdkorvaw_seg41,S5_LR1e3,S20_LR1e2,22.467228,22.723830,22.465915
508gQ4BPc5w_seg1,S2_LR1e2,S2_LR1e3,19.314784,19.363457,19.281931
510fDkRzNz4_seg13,S2_LR1e2,S5_LR1e3,16.497786,16.621027,16.287740
51YQ8MOGuLM_seg4,S10_LR1e3,S2_LR1e3,15.514116,15.609275,15.055804
54D9PvJRwlE_seg0,S2_LR1e2,S10_LR5e3,18.076248,18.109580,18.109580
55fH2X182vw_seg2,S10_LR1e3,S2_LR1e3,18.596838,18.642223,18.532805
55fH2X182vw_seg23,S5_LR1e3,S2_LR5e3,16.972623,17.083539,16.972536
55fH2X182vw_seg33,S5_LR1e3,S2_LR1e2,21.514304,21.639350,21.540721
55fH2X182vw_seg35,S2_LR1e2,S20_LR1e3,11.394384,11.419846,11.392786
55q-hYYMxEo_seg64,S10_LR1e3,S20_LR5e3,25.520578,25.754237,25.224225
55q-hYYMxEo_seg8,S10_LR1e3,S10_LR1e2,22.900891,24.162733,23.183944
56J-aLoNT3c_seg14,S5_LR1e3,S20_LR1e2,23.624972,25.610721,24.397619
5AApu90LoI0_seg10,S10_LR1e3,S2_LR5e3,20.158356,20.205634,16.738442
5APs3TfY8Gc_seg1,S10_LR1e3,S20_LR1e2,15.013496,15.599460,15.048375
5AxpKNDk3fs_seg32,S10_LR1e3,S20_LR1e2,11.736960,11.752693,11.716226
5AxpKNDk3fs_seg37,S10_LR1e3,S20_LR1e3,20.197417,20.220310,20.112228
5Bs5mR6dSrU_seg50,S10_LR1e3,S2_LR5e3,24.592211,24.625227,24.557339
5Bs5mR6dSrU_seg54,S10_LR1e3,S10_LR5e3,14.363768,14.497242,14.497242
5CuvLwS8VXw_seg9,S2_LR1e2,S20_LR1e2,20.439507,20.755262,20.576493
5E-a9fBg0yI_seg5,S5_LR1e3,S20_LR1e2,12.182860,12.298309,12.187561
5EVs6D7X7WQ_seg23,S2_LR1e2,S20_LR1e2,17.904254,18.222634,17.793052
5EVs6D7X7WQ_seg3,S10_LR1e3,S2_LR5e3,11.201792,11.275395,10.897332
5EVs6D7X7WQ_seg62,S5_LR1e3,S10_LR1e2,17.745136,17.797175,17.736567
5G5xV7l0jV8_seg10,S5_LR1e3,S5_LR1e2,11.896892,11.942490,11.840249
5GYcRkwFxPQ_seg1,S10_LR1e3,S20_LR1e2,17.759248,18.005548,17.788748
5IVTImJwLhc_seg21,S5_LR1e3,S2_LR1e3,11.831288,11.854495,11.341657
5M-LppCAJGA_seg2,S2_LR1e2,S10_LR1e2,17.389640,17.655791,17.272283
5MGwFQhTI6I_seg13,S5_LR1e3,S20_LR1e2,18.103109,19.850045,18.075792
5MGwFQhTI6I_seg6,S10_LR1e3,S10_LR1e3,18.323698,18.323698,16.617201
5O1izg1ANFg_seg0,S5_LR1e3,S20_LR1e2,19.181060,19.261399,19.086425
5PC6l2c9B7s_seg6,S5_LR1e3,S20_LR5e3,18.556886,18.672258,18.040800
5SbOeQp1EiI_seg53,S10_LR1e3,S20_LR1e2,16.355807,16.512173,16.438853
5SbOeQp1EiI_seg72,S5_LR1e3,S5_LR5e3,23.190276,23.713270,22.869624
5Topj2c6Kr8_seg21,S2_LR1e2,S2_LR1e2,16.126534,16.126534,15.999218
5Topj2c6Kr8_seg30,S5_LR1e3,S20_LR1e2,16.631533,16.804034,16.375972
5Topj2c6Kr8_seg40,S10_LR1e3,S5_LR5e3,14.961566,14.968260,14.949466
5Vj1JAscjcU_seg49,S10_LR1e3,S2_LR1e3,13.889340,14.202091,13.870593
5XbuVPSloCE_seg8,S5_LR1e3,S5_LR1e2,20.896210,21.156295,21.097563
5Y9h7O60fqI_seg2,S10_LR1e3,S10_LR1e2,19.974984,20.025971,19.778390
5YvY6yFJfhQ_seg10,S2_LR1e2,S10_LR1e3,19.695865,21.138967,19.333322
5YvY6yFJfhQ_seg22,S5_LR1e3,S5_LR1e2,28.601981,28.631530,28.587624
5aN07SY-D_s_seg16,S5_LR1e3,S20_LR5e3,23.630629,23.788010,23.659532
5aN07SY-D_s_seg75,S5_LR1e3,S20_LR1e2,27.371058,27.564531,27.442944
5bGZCzpd2Ss_seg15,S5_LR1e3,S10_LR1e2,14.215828,14.240906,14.231158
5bGZCzpd2Ss_seg59,S10_LR1e3,S10_LR1e3,16.561962,16.561962,16.429809
5fpIFi8YOpY_seg13,S10_LR1e3,S20_LR1e2,15.607595,15.651045,15.567067
5fpIFi8YOpY_seg58,S2_LR1e2,S20_LR1e2,13.321461,13.452557,13.348579
5fpIFi8YOpY_seg61,S10_LR1e3,S2_LR1e2,13.524607,13.575934,13.560759
5fpIFi8YOpY_seg69,S2_LR1e2,S5_LR5e3,13.370275,13.400041,13.264745
5fpIFi8YOpY_seg72,S10_LR1e3,S10_LR1e2,10.119315,10.550914,10.171033
5fpIFi8YOpY_seg73,S2_LR1e2,S20_LR1e2,11.564469,11.705663,11.558609
5fpIFi8YOpY_seg85,S10_LR1e3,S20_LR5e3,14.861152,14.936838,14.861864
5iEjXSmLcj8_seg12,S10_LR1e3,S20_LR1e2,11.676337,11.851104,11.705423
5iEjXSmLcj8_seg13,S5_LR1e3,S20_LR1e2,11.773614,11.966970,11.734716
5iEjXSmLcj8_seg33,S5_LR1e3,S2_LR1e3,16.217861,16.228318,16.167387
5kLpm7CpBao_seg12,S2_LR1e2,S2_LR1e2,20.638229,20.638229,20.568210
5mOfGfp7yFc_seg9,S2_LR1e2,S2_LR1e2,23.068041,23.068041,22.858748
5qLlAnYW9n4_seg17,S10_LR1e3,S2_LR1e3,22.670663,22.740108,22.599294
5qvSSJjL818_seg5,S10_LR1e3,S5_LR5e3,9.389594,10.352556,9.063390
5ueXeg_-WBY_seg9,S10_LR1e3,S20_LR1e2,22.323884,22.449689,22.380229
5v-eepDq-NQ_seg44,S5_LR1e3,S20_LR1e2,17.957962,18.487946,18.010167
5v-eepDq-NQ_seg62,S5_LR1e3,S20_LR1e3,20.699572,20.735153,20.571108
5zLlvnz1tZs_seg2,S10_LR1e3,S20_LR1e2,12.441491,13.437119,12.477430
5zLlvnz1tZs_seg8,S2_LR1e2,S10_LR1e3,13.499709,13.519966,13.513356
6-tPnGgexjU_seg29,S10_LR1e3,S20_LR5e3,12.050416,12.529340,12.060769
6-tPnGgexjU_seg30,S5_LR1e3,S5_LR1e2,17.347421,17.448511,17.291934
6-tPnGgexjU_seg6,S10_LR1e3,S2_LR1e2,21.580822,21.583037,21.553749
6-tPnGgexjU_seg68,S2_LR1e2,S20_LR1e2,15.685648,15.789855,15.691822
6-w2FB2KibI_seg7,S10_LR1e3,S5_LR5e3,20.633228,20.642708,20.609843
61Hd_rbtiHc_seg5,S5_LR1e3,S20_LR1e2,20.751249,20.919927,20.739305
630tA8NxpKs_seg5,S5_LR1e3,S2_LR5e3,37.095154,37.142614,36.993887
65Rzu7ROwsE_seg13,S5_LR1e3,S20_LR5e3,24.582192,24.911234,24.538668
65Vec8ElQ5o_seg7,S5_LR1e3,S20_LR1e2,17.570629,20.106000,17.398266
674gqLqYK80_seg15,S5_LR1e3,S5_LR1e2,21.895752,21.987899,21.798128
674gqLqYK80_seg38,S5_LR1e3,S2_LR1e2,17.776303,18.579313,18.114034
67hoYjdNZOo_seg18,S2_LR1e2,S20_LR1e2,8.856056,9.011932,8.831248
67hoYjdNZOo_seg23,S2_LR1e2,S20_LR1e2,23.352528,25.106703,24.170620
69RfzrMcQJw_seg14,S2_LR1e2,S20_LR5e3,20.988341,21.240896,21.109247
69RfzrMcQJw_seg4,S10_LR1e3,S2_LR1e2,28.365092,28.419822,28.305443
6AYjT0-MVfw_seg5,S2_LR1e2,S5_LR1e2,16.009181,16.056230,16.026958
6AiG-y7sdPU_seg38,S5_LR1e3,S20_LR5e3,12.652881,12.883391,12.692717
6Apc-K08fhI_seg119,S5_LR1e3,S5_LR1e2,15.839308,15.929389,15.892288
6Apc-K08fhI_seg13,S2_LR1e2,S20_LR5e3,19.676133,19.694744,19.684799
6Apc-K08fhI_seg143,S10_LR1e3,S20_LR1e2,17.960253,17.997218,17.982728
6Apc-K08fhI_seg187,S2_LR1e2,S20_LR1e2,15.794596,15.935128,15.588669
6Apc-K08fhI_seg209,S2_LR1e2,S20_LR1e2,22.477064,23.577551,22.815014
6Apc-K08fhI_seg249,S10_LR1e3,S2_LR1e3,15.674479,15.726717,15.396875
6Apc-K08fhI_seg259,S2_LR1e2,S20_LR1e2,16.661680,17.261191,16.732144
6Apc-K08fhI_seg265,S5_LR1e3,S10_LR1e2,16.896565,16.933159,16.903307
6Apc-K08fhI_seg266,S5_LR1e3,S20_LR1e2,16.622650,17.108633,16.746031
6Apc-K08fhI_seg283,S5_LR1e3,S10_LR1e2,14.676554,14.858259,14.743419
6Apc-K08fhI_seg33,S5_LR1e3,S20_LR5e3,12.822449,12.914172,12.892060
6Apc-K08fhI_seg98,S5_LR1e3,S20_LR1e2,14.952103,15.782521,14.956547
6BEvmZh2aGg_seg37,S5_LR1e3,S10_LR1e3,16.954275,17.059258,17.032760
6BNwxPnGuHM_seg36,S5_LR1e3,S2_LR1e2,27.868169,27.912978,27.904909
6BNwxPnGuHM_seg5,S2_LR1e2,S20_LR1e3,30.179803,30.211898,29.483455
6BNwxPnGuHM_seg84,S2_LR1e2,S20_LR5e3,25.381285,25.389475,25.180903
6BtX8v4-6GU_seg7,S2_LR1e2,S5_LR1e3,17.386400,18.009120,17.549212
6CtWTxpStII_seg24,S5_LR1e3,S10_LR1e2,8.950712,9.117035,8.890439
6CtWTxpStII_seg44,S5_LR1e3,S10_LR1e2,18.271213,18.774179,18.586852
6Diop4IOk68_seg21,S2_LR1e2,S10_LR1e2,17.490914,18.009257,17.962663
6FSNPileAZA_seg50,S10_LR1e3,S10_LR5e3,18.358376,18.624262,18.624262
6FSNPileAZA_seg61,S5_LR1e3,S10_LR5e3,20.354633,20.364121,20.364121
6G7PpKq6nmM_seg10,S5_LR1e3,S20_LR1e2,17.058167,17.963097,17.055707
6HjusvJIGL0_seg0,S5_LR1e3,S10_LR1e2,25.210864,25.232626,25.217191
6MzFag4LrEg_seg11,S2_LR1e2,S20_LR1e2,12.802589,13.077024,12.798090
6QHACA55aHQ_seg4,S10_LR1e3,S5_LR5e3,22.222762,22.316647,22.200812
6QIDnAEjJqM_seg13,S10_LR1e3,S20_LR1e2,25.317984,26.939361,25.560581
6QIDnAEjJqM_seg17,S5_LR1e3,S2_LR1e3,21.563854,21.577280,21.527975
6Qt7TnXZod8_seg18,S2_LR1e2,S2_LR1e3,13.897000,13.948494,13.742911
6Vqt6MOsqyw_seg1,S2_LR1e2,S5_LR1e3,24.802886,24.843607,24.369465
6XqQ5evveLk_seg0,S2_LR1e2,S20_LR1e2,19.949522,25.860737,25.719200
6Y1XbDuNYqk_seg15,S10_LR1e3,S20_LR1e2,34.630853,36.551194,34.275799
6Y1XbDuNYqk_seg23,S2_LR1e2,S20_LR1e2,15.940381,16.026645,15.952806
6cD8MZdrAMw_seg3,S2_LR1e2,S2_LR1e3,27.010081,27.033942,26.888201
6dO7qw-EoJo_seg140,S5_LR1e3,S10_LR1e2,17.750880,17.825770,17.697684
6dO7qw-EoJo_seg227,S5_LR1e3,S2_LR1e2,20.591690,21.225786,20.624000
6dO7qw-EoJo_seg230,S5_LR1e3,S10_LR1e2,14.457066,15.093091,15.075928
6dO7qw-EoJo_seg244,S5_LR1e3,S20_LR1e3,13.081358,13.106809,13.086011
6dO7qw-EoJo_seg58,S5_LR1e3,S20_LR1e2,16.669091,17.498403,16.813096
6jJb7Ez3Mbo_seg11,S10_LR1e3,S2_LR1e3,29.983182,30.114214,29.881795
6jJb7Ez3Mbo_seg21,S10_LR1e3,S10_LR1e2,21.022357,25.080504,24.089547
6kPWEq4ooQk_seg3,S5_LR1e3,S5_LR1e2,16.826833,17.322621,17.270866
6q_FaJq7Yuc_seg30,S5_LR1e3,S20_LR5e3,30.444973,30.593130,30.480961
6tYx0aycDtQ_seg4,S5_LR1e3,S10_LR1e2,18.375449,18.724324,18.509392
6tnAMSkUnNM_seg25,S5_LR1e3,S10_LR1e2,19.644084,19.686809,19.672894
71JgkYLjn5M_seg18,S10_LR1e3,S20_LR1e2,11.686991,12.275988,11.690234
71JgkYLjn5M_seg7,S2_LR1e2,S20_LR5e3,17.611690,17.731382,17.664337
73f0-TMph3g_seg5,S10_LR1e3,S20_LR1e2,23.151412,23.989798,23.828853
73f0-TMph3g_seg9,S10_LR1e3,S20_LR1e2,20.268500,20.499077,20.270860
759kbMqhLSs_seg3,S5_LR1e3,S10_LR1e2,14.018118,14.603177,14.570477
759kbMqhLSs_seg66,S10_LR1e3,S20_LR1e2,17.360316,17.456365,17.401917
759kbMqhLSs_seg81,S10_LR1e3,S20_LR1e2,17.960224,18.426891,17.911774
792KOZVKWT8_seg12,S5_LR1e3,S2_LR5e3,22.458876,22.492550,22.465077
792KOZVKWT8_seg13,S5_LR1e3,S20_LR1e2,13.894079,15.389662,14.074858
792KOZVKWT8_seg9,S10_LR1e3,S20_LR1e3,22.232657,22.264218,22.220285
7AKukn1eWjQ_seg14,S10_LR1e3,S20_LR5e3,15.865806,15.937553,15.875200
7Apr11UjMQA_seg13,S5_LR1e3,S2_LR5e3,16.410711,16.414401,16.280370
7ArBHZX1yHA_seg0,S5_LR1e3,S2_LR1e3,23.506212,23.676248,22.758951
7CJXZdU5A6E_seg1,S2_LR1e2,S5_LR1e2,24.660902,24.890372,24.758632
7EWYDJdX0WE_seg22,S10_LR1e3,S2_LR5e3,28.203926,28.211834,28.136155
7GrgxTCAOGA_seg5,S5_LR1e3,S5_LR5e3,17.243845,17.272608,17.209450
7GrgxTCAOGA_seg8,S10_LR1e3,S2_LR1e2,18.369969,18.425450,18.421797
7NMDMcfa-zc_seg7,S5_LR1e3,S10_LR5e3,19.677883,19.714334,19.714334
7QBvicGzlrk_seg18,S10_LR1e3,S10_LR1e2,27.060206,29.280058,29.198320
7RL1AIhXYY8_seg22,S5_LR1e3,S5_LR1e3,29.869321,29.869321,29.795681
7RL1AIhXYY8_seg49,S10_LR1e3,S10_LR5e3,21.223676,21.263403,21.263403
7RRIpjAirsk_seg47,S5_LR1e3,S2_LR5e3,17.284973,17.323985,17.310208
7RehlPr1kvY_seg70,S10_LR1e3,S5_LR1e2,20.986140,21.170881,20.916972
7TO_CrB7PSI_seg1,S10_LR1e3,S2_LR1e3,25.352760,25.636153,24.998413
7TO_CrB7PSI_seg25,S5_LR1e3,S2_LR5e3,25.719565,25.724273,25.671100
7TO_CrB7PSI_seg27,S5_LR1e3,S10_LR1e2,17.061407,17.170805,17.091249
7XIuoTDriGA_seg2,S10_LR1e3,S5_LR5e3,12.381792,12.422443,12.379525
7YkEz7NNpuk_seg30,S10_LR1e3,S20_LR1e2,28.257693,28.463346,28.282073
7YkEz7NNpuk_seg58,S5_LR1e3,S20_LR1e2,11.404464,11.455762,11.385307
7alO_i9sBi8_seg19,S10_LR1e3,S2_LR1e3,14.134308,14.371543,14.078644
7dba6eIC8Rc_seg14,S2_LR1e2,S20_LR1e2,19.962000,21.025803,20.262817
7dsxaoQlLKg_seg28,S10_LR1e3,S10_LR1e2,25.806140,25.855692,25.795919
7gQuTixqqDk_seg2,S2_LR1e2,S20_LR1e2,30.196315,30.529842,30.256058
7lvJJhjaA6g_seg1,S10_LR1e3,S10_LR1e2,23.365783,23.468175,23.349937
7lvJJhjaA6g_seg3,S10_LR1e3,S10_LR1e2,16.000531,16.015392,16.015379
7q6ORbVApjY_seg25,S2_LR1e2,S20_LR1e2,19.964153,20.197522,19.799694
7q6ORbVApjY_seg47,S10_LR1e3,S20_LR1e2,33.350251,33.871330,33.368385
7q6ORbVApjY_seg7,S10_LR1e3,S20_LR1e2,33.682614,34.005162,33.806806
7qPsXB-HLjA_seg2,S2_LR1e2,S20_LR1e2,25.372521,25.606892,25.411928
7qPsXB-HLjA_seg55,S10_LR1e3,S5_LR1e2,30.864650,31.153140,30.754212
7qPsXB-HLjA_seg8,S10_LR1e3,S10_LR1e2,32.401221,32.615924,32.556574
7qzAKflgzCo_seg24,S2_LR1e2,S10_LR5e3,27.876816,27.909160,27.909160
7se90penqkk_seg24,S2_LR1e2,S5_LR5e3,21.870022,22.065135,21.901940
7stdXykD-2I_seg21,S10_LR1e3,S5_LR1e2,15.174294,15.522195,15.226789
7t86atu0tDw_seg3,S10_LR1e3,S2_LR5e3,22.324314,22.460084,22.002920
7t86atu0tDw_seg59,S5_LR1e3,S20_LR1e2,23.009034,23.535813,22.451771
7t86atu0tDw_seg71,S10_LR1e3,S20_LR5e3,30.031431,30.181213,30.106325
7umI3H_zlPU_seg15,S5_LR1e3,S20_LR1e2,19.245951,19.459343,19.219473
7umI3H_zlPU_seg20,S10_LR1e3,S20_LR1e2,18.570348,18.628781,18.549093
7xpR1omq9sI_seg18,S10_LR1e3,S10_LR1e2,13.708179,14.239606,13.848183
7zaPPzzUMBg_seg27,S5_LR1e3,S10_LR1e3,34.451707,34.622071,34.499706
7zaPPzzUMBg_seg48,S2_LR1e2,S10_LR1e2,27.394662,27.719514,27.671099
7zszVmp_hnY_seg11,S10_LR1e3,S5_LR1e2,27.995566,29.031655,28.178860
839tKr1ACyE_seg1,S10_LR1e3,S10_LR1e2,17.972879,18.916168,17.879254
839tKr1ACyE_seg13,S5_LR1e3,S5_LR1e2,12.982994,13.099654,12.870095
839tKr1ACyE_seg14,S5_LR1e3,S5_LR1e2,12.454600,12.569197,12.468267
84RwR60yIlQ_seg6,S5_LR1e3,S10_LR5e3,15.353598,15.380471,15.380471
86KC2a8qcQI_seg20,S10_LR1e3,S20_LR5e3,22.524826,22.607291,22.504989
86KC2a8qcQI_seg21,S2_LR1e2,S10_LR5e3,21.244205,21.322116,21.322116
86Y1ciTeNHU_seg18,S10_LR1e3,S20_LR5e3,11.572562,11.673592,11.439653
86Y1ciTeNHU_seg26,S10_LR1e3,S20_LR1e2,15.159644,16.067779,15.127197
86Y1ciTeNHU_seg34,S5_LR1e3,S5_LR1e2,11.080053,11.223179,11.141913
86Y1ciTeNHU_seg41,S10_LR1e3,S10_LR1e3,12.938559,12.938559,12.901389
86Y1ciTeNHU_seg60,S5_LR1e3,S5_LR5e3,12.384964,12.597674,12.343703
86Y1ciTeNHU_seg67,S2_LR1e2,S20_LR5e3,14.576028,14.618667,14.531946
86Y1ciTeNHU_seg89,S5_LR1e3,S20_LR1e2,13.793929,14.012142,13.822308
89c_OQepOv8_seg23,S5_LR1e3,S20_LR5e3,15.820798,15.908989,15.694749
89c_OQepOv8_seg3,S10_LR1e3,S20_LR1e2,12.697367,14.370035,12.652417
89c_OQepOv8_seg44,S2_LR1e2,S20_LR1e2,18.245202,18.366797,18.256293
89hxb47L978_seg3,S10_LR1e3,S20_LR1e2,13.958774,14.351715,13.833961
8AvjppsfnRE_seg54,S2_LR1e2,S20_LR5e3,14.548270,15.063296,14.795747
8DduH4ccezI_seg1,S10_LR1e3,S20_LR1e2,9.876442,10.595016,9.900543
8Fd13MxtGmQ_seg0,S5_LR1e3,S5_LR1e3,22.126101,22.126101,21.696214
8HpFr7x5Dk0_seg1,S5_LR1e3,S20_LR1e2,13.517873,13.654737,13.519537
8HpFr7x5Dk0_seg4,S10_LR1e3,S10_LR1e2,14.530635,15.240625,14.659285
8JFJOYA5dNE_seg31,S5_LR1e3,S5_LR1e2,18.511439,18.703712,18.626840
8JFJOYA5dNE_seg4,S10_LR1e3,S10_LR1e2,16.891026,17.996579,17.098106
8K8am2G2Ny8_seg6,S10_LR1e3,S20_LR5e3,18.696664,20.117771,18.714004
8K8am2G2Ny8_seg9,S10_LR1e3,S10_LR1e2,16.124712,16.170606,16.130994
8N_U2doXq7E_seg14,S5_LR1e3,S5_LR1e3,13.831736,13.831736,13.558275
8N_U2doXq7E_seg26,S10_LR1e3,S10_LR1e2,17.456239,17.606802,17.456187
8PGS07JD3fQ_seg5,S5_LR1e3,S20_LR1e3,26.056666,26.094136,26.065121
8PmbG1A35Oc_seg1,S10_LR1e3,S20_LR1e2,17.678535,18.138180,17.835324
8TBegVdmR_8_seg24,S10_LR1e3,S5_LR5e3,23.575078,23.583747,23.497366
8Trwpnbv71E_seg9,S10_LR1e3,S20_LR1e2,15.485340,15.713476,15.527977
8Ux_QKDIp5E_seg15,S5_LR1e3,S10_LR1e2,14.419854,14.654412,14.501566
8Ux_QKDIp5E_seg23,S5_LR1e3,S10_LR1e2,11.883666,12.121864,11.890474
8W0jj0t3qHs_seg0,S5_LR1e3,S20_LR1e2,20.375771,20.583043,20.384283
8W0jj0t3qHs_seg64,S10_LR1e3,S20_LR1e2,17.007147,17.391779,16.901985
8W0jj0t3qHs_seg88,S2_LR1e2,S20_LR1e2,21.541581,22.368141,21.400976
8YdkwZX4KKw_seg2,S10_LR1e3,S20_LR1e2,13.161041,13.198452,13.167149
8YpaDCqMjog_seg15,S10_LR1e3,S5_LR1e2,16.764269,16.816821,16.796939
8YpaDCqMjog_seg16,S5_LR1e3,S5_LR5e3,13.958915,14.020450,13.934277
8_yoTrqMAu4_seg3,S5_LR1e3,S5_LR1e2,11.977794,12.053369,12.018722
8_yoTrqMAu4_seg90,S10_LR1e3,S20_LR1e2,19.998012,20.237979,19.975289
8cNRkvxKiaw_seg15,S10_LR1e3,S20_LR1e2,13.360399,13.559253,13.389926
8cNRkvxKiaw_seg43,S10_LR1e3,S5_LR1e2,21.491797,21.978472,21.896687
8cNRkvxKiaw_seg51,S5_LR1e3,S20_LR1e2,19.043771,19.159400,18.970443
8kTHFkpE-fU_seg4,S5_LR1e3,S10_LR1e2,16.826023,17.313233,16.850514
8nNofPO-BKU_seg13,S2_LR1e2,S20_LR1e2,23.727436,25.477852,23.743544
8nuEtFpcHBk_seg5,S2_LR1e2,S2_LR1e2,25.318450,25.318450,25.229138
8pYmuIyCbOI_seg0,S5_LR1e3,S20_LR1e3,22.803666,22.815837,22.704922
8qexZV9WySQ_seg37,S10_LR1e3,S2_LR1e3,18.444556,18.688762,18.381928
8qexZV9WySQ_seg4,S2_LR1e2,S20_LR5e3,10.600091,11.277744,11.114481
8qexZV9WySQ_seg56,S5_LR1e3,S10_LR1e2,31.676538,31.823633,31.241002
8rdmzkr-AFg_seg0,S5_LR1e3,S2_LR1e3,15.832913,16.320973,15.377421
8rdmzkr-AFg_seg15,S5_LR1e3,S20_LR5e3,39.840263,40.141520,39.892829
8tkbxNTFStU_seg13,S10_LR1e3,S5_LR1e2,15.595583,16.573192,15.626080
8wDZ3LqcGUQ_seg11,S10_LR1e3,S20_LR1e2,20.014647,20.353010,20.018206
8wDZ3LqcGUQ_seg8,S10_LR1e3,S20_LR5e3,19.102574,19.154876,19.137828
8xxI4M97RXg_seg0,S10_LR1e3,S10_LR5e3,11.775925,12.030716,12.030716
8zevIVSJ84w_seg10,S10_LR1e3,S5_LR5e3,13.795285,13.946415,13.841534
90Q2FbRinEE_seg12,S5_LR1e3,S10_LR1e3,18.994611,19.023787,18.958194
90Q2FbRinEE_seg19,S2_LR1e2,S20_LR1e3,16.654463,16.684841,16.654567
94dLtsm7N6A_seg0,S10_LR1e3,S20_LR1e2,11.207417,11.900195,11.234819
95Ah1eCFJ9M_seg17,S5_LR1e3,S20_LR1e2,27.374101,27.419474,27.411636
95Ah1eCFJ9M_seg20,S2_LR1e2,S10_LR5e3,29.163826,29.304482,29.304482
96zodDuKMDw_seg57,S5_LR1e3,S10_LR1e2,10.930359,11.536022,11.118395
96zodDuKMDw_seg85,S5_LR1e3,S2_LR1e2,13.871396,13.895119,13.537690
96zodDuKMDw_seg88,S2_LR1e2,S20_LR1e2,8.286876,8.366016,8.314496
96zodDuKMDw_seg93,S10_LR1e3,S20_LR1e2,15.428902,15.858268,15.456919
96zodDuKMDw_seg95,S10_LR1e3,S5_LR1e2,15.244447,15.277046,15.274417
97xBojxkpIE_seg1,S2_LR1e2,S10_LR1e2,38.427716,38.606896,38.499165
9BNMVDIJKrQ_seg10,S5_LR1e3,S20_LR1e2,17.524204,17.911861,17.691576
9BNMVDIJKrQ_seg24,S10_LR1e3,S20_LR1e3,18.156174,18.163322,18.118478
9BqMl1Yc8BY_seg8,S2_LR1e2,S2_LR1e2,16.193327,16.193327,16.088913
9Igfu0VwdkQ_seg58,S10_LR1e3,S10_LR1e2,23.172431,23.631743,23.554242
9IvtvNFhRds_seg0,S10_LR1e3,S5_LR1e2,21.108612,21.513265,21.107841
9KaU2arvij4_seg2,S10_LR1e3,S20_LR1e2,18.563282,19.442237,18.786089
9KaU2arvij4_seg5,S2_LR1e2,S20_LR5e3,19.808052,20.315862,19.797276
9LGyz-kp8ww_seg9,S5_LR1e3,S20_LR5e3,18.039368,21.111693,18.280261
9QTcKSJNM9w_seg20,S5_LR1e3,S20_LR5e3,20.638765,20.757123,20.705740
9QTcKSJNM9w_seg28,S2_LR1e2,S10_LR1e2,23.220821,23.362009,23.191023
9QTcKSJNM9w_seg31,S5_LR1e3,S2_LR5e3,12.577758,12.600449,12.569029
9QTcKSJNM9w_seg44,S5_LR1e3,S10_LR5e3,26.191518,26.224958,26.224958
9QTcKSJNM9w_seg57,S5_LR1e3,S10_LR5e3,11.602799,11.782180,11.782180
9QTcKSJNM9w_seg8,S5_LR1e3,S10_LR1e3,33.349203,33.365206,33.332534
9QTcKSJNM9w_seg86,S5_LR1e3,S20_LR1e2,14.700071,15.036770,14.698679
9QTcKSJNM9w_seg90,S10_LR1e3,S20_LR1e2,26.676688,26.807231,26.648443
9RHvqC6j91w_seg4,S5_LR1e3,S2_LR5e3,27.472264,27.499972,27.370423
9RJFP3OgVKU_seg6,S10_LR1e3,S5_LR1e2,9.325280,9.330047,9.321326
9SnLV9nn4yo_seg36,S10_LR1e3,S10_LR1e2,12.629441,12.687713,12.637305
9VJjGlf_owA_seg16,S2_LR1e2,S10_LR1e2,17.418653,17.584150,17.487159
9XbtwCXwN-I_seg35,S10_LR1e3,S10_LR5e3,12.493576,12.603486,12.603486
9XbtwCXwN-I_seg57,S2_LR1e2,S10_LR1e2,13.533857,13.675524,13.493724
9Y5wy53MaJ0_seg5,S2_LR1e2,S20_LR1e3,19.830392,19.921962,19.816738
9_DdqrFpPW8_seg21,S2_LR1e2,S10_LR5e3,22.287685,22.538735,22.538735
9_iVj6vmG-8_seg0,S10_LR1e3,S20_LR5e3,19.072894,19.120133,19.052742
9_iVj6vmG-8_seg11,S2_LR1e2,S20_LR1e2,18.470579,18.740136,18.427815
9_iVj6vmG-8_seg14,S2_LR1e2,S20_LR1e2,20.670803,22.515806,20.880315
9b9KjBotw6Y_seg0,S5_LR1e3,S20_LR5e3,29.878958,30.032022,29.840617
9gg6N7k6e2I_seg11,S5_LR1e3,S5_LR5e3,20.589084,21.236985,21.169748
9gg6N7k6e2I_seg13,S2_LR1e2,S20_LR1e2,14.641381,14.802942,14.684571
9kUhOj6FHsM_seg1,S5_LR1e3,S2_LR5e3,23.919868,24.150468,23.173641
9kphy3ngilM_seg2,S10_LR1e3,S5_LR1e2,25.347999,25.436205,25.395391
9mVRc80vhhQ_seg1,S10_LR1e3,S2_LR1e3,22.161435,22.182764,22.090925
9onqdz1EHcw_seg5,S10_LR1e3,S20_LR1e2,19.127878,19.874266,19.100002
9pXpaSEym1E_seg1,S10_LR1e3,S5_LR1e2,20.041535,20.407309,19.789892
9uoHmIdCidc_seg10,S10_LR1e3,S5_LR5e3,31.954855,32.075774,22.298550
9vV4m2nKAjw_seg24,S2_LR1e2,S10_LR1e2,16.275628,16.388664,16.354246
9xQaN5BkkGA_seg25,S5_LR1e3,S20_LR1e2,19.195125,19.502710,19.184927
9yHJGyCTUWw_seg9,S2_LR1e2,S20_LR1e2,28.759351,29.029401,28.675645
A2WNLSND0qA_seg2,S2_LR1e2,S5_LR5e3,16.727388,16.896358,16.744792
A2cn-DILaos_seg37,S5_LR1e3,S20_LR5e3,19.185568,19.899889,19.259146
A2cn-DILaos_seg39,S5_LR1e3,S20_LR5e3,20.296336,20.862833,20.766375
A2cn-DILaos_seg8,S2_LR1e2,S20_LR1e2,21.617839,21.908959,21.613444
A8j-jvlbxSE_seg11,S5_LR1e3,S20_LR1e2,11.350934,11.426419,11.330528
A8j-jvlbxSE_seg15,S10_LR1e3,S20_LR1e2,18.751016,18.953804,18.886378
A8j-jvlbxSE_seg42,S5_LR1e3,S10_LR1e3,18.988867,19.008972,18.967766
A8j-jvlbxSE_seg7,S5_LR1e3,S20_LR1e2,18.287843,18.546405,18.410870
AAtZHS_dLQk_seg7,S5_LR1e3,S2_LR5e3,16.729708,16.740486,16.530554
ABIkWS_YavM_seg9,S5_LR1e3,S5_LR1e3,23.626838,23.626838,23.545952
ABe3TxaPD4s_seg7,S10_LR1e3,S2_LR1e2,20.211537,20.567449,20.330600
ABe3TxaPD4s_seg8,S5_LR1e3,S2_LR1e2,18.571299,18.616611,18.599569
ACUABdgkjgA_seg6,S2_LR1e2,S5_LR1e2,15.599335,15.798527,15.714429
ADqku-dGgd4_seg5,S5_LR1e3,S10_LR5e3,21.960376,22.023470,22.023470
AG54Yim7tbE_seg1,S10_LR1e3,S5_LR1e3,25.753949,26.462279,23.819415
AG54Yim7tbE_seg19,S10_LR1e3,S10_LR1e2,25.363580,25.638064,25.563522
AH4H2LODmFs_seg26,S10_LR1e3,S10_LR1e2,22.707396,23.005801,22.873716
AH4H2LODmFs_seg55,S5_LR1e3,S20_LR5e3,17.585215,17.664715,17.586014
AIZJbicL0nM_seg2,S10_LR1e3,S2_LR1e3,11.165781,11.170273,11.030272
AKc6LItAcp4_seg14,S10_LR1e3,S20_LR5e3,15.854736,15.922171,15.845500
AMx_rtGmkkQ_seg14,S5_LR1e3,S20_LR5e3,23.514903,23.896496,23.577599
AP_tlMJEJlk_seg1,S5_LR1e3,S10_LR5e3,26.009612,26.012281,26.012281
AP_tlMJEJlk_seg11,S5_LR1e3,S20_LR1e2,26.218857,26.381172,26.258409
AP_tlMJEJlk_seg5,S5_LR1e3,S20_LR1e2,28.661842,28.833663,28.743462
ATA22800GHs_seg21,S10_LR1e3,S20_LR1e2,20.423611,20.881073,20.632083
ATGQMqbVvC4_seg25,S5_LR1e3,S20_LR1e2,27.119668,28.093325,26.966075
ATGQMqbVvC4_seg5,S5_LR1e3,S20_LR1e2,25.447917,25.993078,25.650330
ATq7JigwVkI_seg2,S5_LR1e3,S20_LR1e2,25.272127,25.304666,25.225008
A_FfyPGkpTk_seg15,S2_LR1e2,S5_LR1e2,20.093080,20.260963,20.137922
Ac7yJ9omw58_seg27,S2_LR1e2,S20_LR1e3,21.750125,21.908784,21.107711
Ac7yJ9omw58_seg31,S10_LR1e3,S20_LR1e2,19.330496,19.654524,19.412206
AcZ0E-h7VNg_seg20,S10_LR1e3,S10_LR1e3,21.566101,21.566101,21.160274
AfEEIFIMEo0_seg4,S5_LR1e3,S5_LR1e2,11.298226,11.684917,11.315613
AhSputajowA_seg13,S2_LR1e2,S2_LR5e3,23.284735,23.388047,23.234757
AilMViy7QiE_seg0,S5_LR1e3,S10_LR1e2,30.625617,30.713061,30.654300
Aj2Td0tfkOE_seg4,S10_LR1e3,S10_LR1e2,15.105826,15.250731,15.152264
AlmbhUoSRXs_seg25,S10_LR1e3,S10_LR1e3,28.482162,28.482162,28.420077
AmStHwizc3I_seg18,S5_LR1e3,S20_LR1e2,16.140225,16.389623,16.144371
An0WrT6IyNs_seg7,S5_LR1e3,S5_LR5e3,21.547704,21.597101,21.518197
Antd1_bAfqo_seg2,S10_LR1e3,S20_LR1e2,28.423267,28.607384,28.431765
Aotfay-xuH0_seg41,S10_LR1e3,S20_LR1e2,22.117793,22.152733,22.043579
Ap7hNuoPLEw_seg1,S10_LR1e3,S10_LR1e2,18.045599,18.110529,18.031538
Apfu_FgbNfI_seg7,S5_LR1e3,S5_LR1e3,20.473805,20.473805,20.196265
Ar4gK2Sq7_o_seg4,S10_LR1e3,S10_LR1e2,16.175886,16.412872,16.335617
ArIUO4ygglY_seg1,S10_LR1e3,S5_LR5e3,18.134407,18.213902,18.173748
ArIUO4ygglY_seg23,S10_LR1e3,S20_LR5e3,17.672735,17.703211,17.627596
ArIUO4ygglY_seg4,S10_LR1e3,S20_LR5e3,23.195604,23.204359,23.173581
ArtaUf27zxA_seg11,S5_LR1e3,S5_LR1e2,20.247508,20.427539,20.396701
ArtaUf27zxA_seg8,S10_LR1e3,S2_LR5e3,16.823727,16.923783,16.586555
AtWwRyr6DGU_seg0,S10_LR1e3,S10_LR1e2,17.917229,17.961819,17.849619
Aw3R-4UC4wI_seg10,S10_LR1e3,S2_LR1e3,30.644640,30.786572,30.507296
Aw3R-4UC4wI_seg3,S5_LR1e3,S5_LR1e2,23.221431,25.267479,24.190561
Aw3R-4UC4wI_seg37,S10_LR1e3,S20_LR1e2,19.981766,20.028064,20.001893
AwqD7Chf344_seg57,S5_LR1e3,S20_LR5e3,16.041203,16.169238,16.108704
AwqD7Chf344_seg78,S5_LR1e3,S10_LR1e2,10.508049,10.618819,10.575076
Axo5SyqLhgI_seg16,S10_LR1e3,S20_LR1e2,21.322288,22.560937,21.360853
Ay_Eqbgxmgo_seg22,S10_LR1e3,S20_LR1e2,15.362000,15.443950,15.381293
Ay_Eqbgxmgo_seg23,S5_LR1e3,S20_LR1e2,18.595633,19.322894,18.583717
B8ulmmXTizI_seg20,S10_LR1e3,S5_LR5e3,33.410560,33.472018,32.964680
BGslyFlXfTA_seg2,S5_LR1e3,S10_LR1e2,15.626792,15.660755,15.617304
BHsSTemaGXk_seg14,S2_LR1e2,S20_LR1e2,15.398353,15.458210,15.329790
BHsSTemaGXk_seg26,S10_LR1e3,S2_LR1e2,12.090742,12.454860,12.221528
BHsSTemaGXk_seg62,S2_LR1e2,S20_LR1e2,12.505851,12.717048,12.090214
BKA8tv3LrWI_seg7,S10_LR1e3,S2_LR1e3,18.235779,18.240882,18.222614
BKLHuR9WQ_o_seg14,S10_LR1e3,S2_LR1e3,17.545892,17.580994,17.473372
BKLHuR9WQ_o_seg6,S5_LR1e3,S10_LR1e2,21.626199,22.075484,21.590339
BKs4uSxQiDw_seg7,S10_LR1e3,S10_LR1e2,20.794215,21.159439,21.087611
BL7cJOqQ4j8_seg4,S10_LR1e3,S5_LR1e2,24.065740,24.245122,22.762571
BMDCRICN63w_seg30,S5_LR1e3,S2_LR5e3,20.640682,20.736064,20.585527
BMW6BSRWm6c_seg0,S10_LR1e3,S2_LR1e3,21.785403,22.269859,21.542505
BMW6BSRWm6c_seg7,S2_LR1e2,S5_LR1e3,13.990610,17.272304,14.272419
BOez50ta_rQ_seg12,S2_LR1e2,S2_LR1e2,26.589435,26.589435,21.643756
BSIu2BOjINg_seg3,S10_LR1e3,S10_LR1e3,26.426553,26.426553,26.302202
BSIu2BOjINg_seg5,S10_LR1e3,S2_LR1e3,29.340963,29.451444,29.321904
BUEOhsJQ5A4_seg17,S5_LR1e3,S10_LR1e3,18.804321,18.818583,18.763735
BUEOhsJQ5A4_seg41,S10_LR1e3,S2_LR1e3,38.009189,38.318736,37.683806
BUEOhsJQ5A4_seg46,S10_LR1e3,S5_LR1e3,16.342965,16.360577,15.707155
BUEOhsJQ5A4_seg62,S10_LR1e3,S10_LR5e3,37.482885,37.541383,37.541383
BUEOhsJQ5A4_seg75,S10_LR1e3,S10_LR5e3,13.928685,13.992298,13.992298
BUNW1CRQzaU_seg17,S10_LR1e3,S2_LR5e3,20.253578,21.425183,20.248066
BUhkvjH8Yf8_seg2,S5_LR1e3,S20_LR1e2,22.952134,23.402130,23.250937
BVgL39i98Vo_seg0,S5_LR1e3,S10_LR1e2,34.692676,34.794211,34.455482
BVquf7NxGY4_seg0,S10_LR1e3,S5_LR1e3,24.685259,25.115150,25.065362
BXgBOwDYsNg_seg2,S2_LR1e2,S10_LR1e3,23.948893,24.012952,23.978708
BZv1MjXOzLY_seg2,S10_LR1e3,S10_LR5e3,21.871842,21.928306,21.928306
B_u6_ACXgL0_seg12,S10_LR1e3,S20_LR1e2,12.108223,12.409748,12.160408
B_u6_ACXgL0_seg13,S5_LR1e3,S20_LR5e3,17.205690,17.261666,17.232967
B_u6_ACXgL0_seg71,S10_LR1e3,S5_LR1e3,14.446821,14.471313,14.436174
BbF_xIvxCDE_seg60,S5_LR1e3,S5_LR1e3,29.507583,29.507583,29.270329
BbXwDH4RGX4_seg3,S10_LR1e3,S20_LR1e2,29.450732,30.867869,29.463079
Be5Ezao-wF4_seg10,S5_LR1e3,S10_LR1e2,11.990889,12.704914,12.281814
BeJn0GOJ1-Y_seg1,S10_LR1e3,S20_LR5e3,18.379229,18.398194,18.374544
BhAKLkZ_hZE_seg6,S5_LR1e3,S10_LR5e3,28.662728,28.858779,28.858779
BhF8R3iaDnU_seg9,S5_LR1e3,S20_LR1e2,24.212462,24.754678,24.396618
BiokHdqvzMg_seg15,S10_LR1e3,S20_LR1e2,10.705579,10.944103,10.864061
BjmchlyDF2g_seg11,S10_LR1e3,S10_LR1e2,25.582005,25.846366,25.726166
Bjr0agSTob8_seg11,S10_LR1e3,S10_LR5e3,17.449941,17.533088,17.533088
BkWRaS2ATg8_seg0,S5_LR1e3,S20_LR1e2,13.685341,14.922117,13.690702
BmSGyQcEFws_seg31,S5_LR1e3,S5_LR1e2,16.614410,16.772798,16.612049
BmYnsyFuZ80_seg73,S10_LR1e3,S2_LR1e2,13.226421,13.250339,13.220277
Bmm7s4szBCI_seg1,S10_LR1e3,S5_LR1e2,29.738473,29.786062,27.412659
BnJYZPnA4uo_seg3,S10_LR1e3,S2_LR5e3,15.840285,15.908963,15.809788
Bpy28o7ve3Q_seg18,S2_LR1e2,S20_LR1e2,20.782345,20.832598,20.683229
Bpy28o7ve3Q_seg5,S5_LR1e3,S20_LR1e2,19.152498,19.427021,19.120141
BrCtyTSEcgQ_seg12,S10_LR1e3,S10_LR1e2,23.921535,25.615920,24.375852
Bu0hjZlB2gk_seg16,S2_LR1e2,S20_LR1e2,22.101925,22.322754,22.168900
Bu0hjZlB2gk_seg21,S10_LR1e3,S2_LR1e2,19.733365,19.752575,19.642630
Bu0hjZlB2gk_seg28,S5_LR1e3,S10_LR1e3,23.602805,23.725780,23.567236
BvQ2EDUSEB8_seg14,S10_LR1e3,S5_LR1e2,28.854790,29.202570,28.981423
BvQ2EDUSEB8_seg22,S5_LR1e3,S20_LR5e3,12.977195,16.974870,14.034197
BwAy-VDjDh4_seg4,S10_LR1e3,S20_LR5e3,24.878790,24.887587,24.863151
Bwi3D_NjAF4_seg1,S5_LR1e3,S20_LR5e3,11.169931,17.550959,11.696693
Bwua17jkR6k_seg19,S2_LR1e2,S10_LR1e2,21.438838,21.745757,21.409922
Bwua17jkR6k_seg31,S5_LR1e3,S20_LR1e2,25.245237,30.393982,25.323040
Bwua17jkR6k_seg32,S5_LR1e3,S20_LR5e3,26.889501,26.978215,25.122946
ByR-GpA9bkM_seg32,S5_LR1e3,S5_LR5e3,23.023853,23.063671,23.002146
C0AQmPp2IFA_seg21,S5_LR1e3,S5_LR5e3,10.885702,11.229598,10.918658
C0AQmPp2IFA_seg34,S10_LR1e3,S2_LR1e2,26.517251,26.544529,26.458308
C1PbAobJwI0_seg5,S10_LR1e3,S20_LR5e3,18.751599,18.797980,18.758018
C52Yju5GdGg_seg18,S10_LR1e3,S10_LR5e3,13.497024,13.928207,13.928207
C52Yju5GdGg_seg28,S2_LR1e2,S5_LR1e3,15.722855,15.840441,15.690612
C52Yju5GdGg_seg3,S2_LR1e2,S20_LR1e2,17.634391,17.959573,17.809265
C52Yju5GdGg_seg38,S5_LR1e3,S5_LR1e3,18.500867,18.500867,18.442186
C7m1-igI814_seg1,S5_LR1e3,S5_LR1e3,30.446717,30.446717,30.065381
CAx6OUL25Eg_seg8,S5_LR1e3,S20_LR1e2,23.649409,23.740879,23.683997
CCIi0Iy0jtI_seg1,S2_LR1e2,S5_LR1e2,16.335497,16.347328,16.338458
CCIi0Iy0jtI_seg2,S10_LR1e3,S20_LR1e2,17.809897,19.066327,18.056422
CD2Mi7vwPF8_seg16,S10_LR1e3,S20_LR1e2,19.650246,19.977066,19.688725
CFXda8HWhyk_seg13,S5_LR1e3,S10_LR5e3,28.201233,28.226197,28.226197
CHbY6fcqPak_seg11,S5_LR1e3,S20_LR5e3,29.521134,29.606779,29.547221
CHbY6fcqPak_seg34,S5_LR1e3,S20_LR1e2,26.774564,26.978909,26.978463
CM0xFF0m1Ts_seg47,S5_LR1e3,S2_LR1e3,11.823763,12.444293,9.386904
CM0xFF0m1Ts_seg55,S2_LR1e2,S2_LR1e2,17.991003,17.991003,17.257825
CM5WsEBnHGY_seg45,S10_LR1e3,S20_LR1e3,20.195165,20.264087,20.145593
CM5WsEBnHGY_seg46,S5_LR1e3,S2_LR1e3,16.028877,16.124003,16.108631
CM5WsEBnHGY_seg54,S10_LR1e3,S10_LR1e2,16.354724,18.127097,16.399986
CRZ4rjGUKiA_seg13,S10_LR1e3,S20_LR1e2,26.388394,26.642014,26.400793
CScUfYsKrUY_seg27,S2_LR1e2,S5_LR1e3,26.849425,26.900203,26.806109
CScUfYsKrUY_seg6,S5_LR1e3,S2_LR1e2,18.157038,18.223436,18.184118
CUPaieJrsO4_seg14,S5_LR1e3,S10_LR1e3,23.236361,23.269762,23.219887
CUPaieJrsO4_seg33,S5_LR1e3,S20_LR1e2,18.926394,19.006724,18.961485
CUWzuLBUMmM_seg9,S10_LR1e3,S10_LR1e2,17.840500,17.944129,17.888493
CVohIxzPiZk_seg20,S2_LR1e2,S10_LR1e2,14.083376,14.300248,13.948917
CWeLhyluVEk_seg4,S10_LR1e3,S20_LR1e2,14.960307,15.162519,14.970452
CX85GdPmALw_seg26,S5_LR1e3,S20_LR1e2,21.430495,21.654048,21.490489
CYgtPv5FZ64_seg7,S2_LR1e2,S20_LR1e2,19.532389,20.442175,19.779847
CaZEedEwNQ4_seg1,S10_LR1e3,S2_LR5e3,15.540564,15.558663,15.440474
CaZEedEwNQ4_seg110,S2_LR1e2,S20_LR1e2,18.125614,18.892383,17.910249
CaZEedEwNQ4_seg87,S10_LR1e3,S5_LR1e2,20.418284,20.561622,20.293645
CaZEedEwNQ4_seg94,S5_LR1e3,S20_LR1e2,20.915274,23.264136,22.461949
CawsZxg6gtc_seg21,S10_LR1e3,S5_LR1e3,23.634761,24.041293,23.624255
CawsZxg6gtc_seg52,S5_LR1e3,S20_LR1e2,20.458236,21.300860,20.564573
CazGwH9oxqc_seg3,S5_LR1e3,S5_LR1e3,26.076706,26.076706,25.619166
CazGwH9oxqc_seg32,S5_LR1e3,S20_LR1e2,18.257500,18.319922,18.272113
CazGwH9oxqc_seg67,S10_LR1e3,S10_LR5e3,18.322045,18.378501,18.378501
CazGwH9oxqc_seg71,S10_LR1e3,S20_LR5e3,20.334038,20.550977,20.421529
Cb0p68ULQUM_seg1,S10_LR1e3,S20_LR1e2,17.801076,18.037326,17.751222
Cb0p68ULQUM_seg47,S10_LR1e3,S2_LR1e2,31.445010,31.485610,31.399947
CbqU2B3fQ9c_seg22,S5_LR1e3,S10_LR5e3,14.770730,14.834727,14.834727
CcaxfLmi2dk_seg5,S10_LR1e3,S20_LR1e2,20.993032,21.132143,20.957262
Cce3UICKurs_seg10,S10_LR1e3,S10_LR5e3,24.065405,24.102667,24.102667
CcgcEztuVP8_seg1,S5_LR1e3,S20_LR1e2,12.006992,12.214650,12.078552
Chbwjwx9e5U_seg5,S2_LR1e2,S10_LR1e3,15.384044,18.844256,15.915877
Cl340QBANVQ_seg0,S5_LR1e3,S20_LR1e2,15.748371,15.959551,15.531524
Cl340QBANVQ_seg28,S5_LR1e3,S10_LR1e2,12.796486,12.883697,12.863997
Cln1xV5j8Gg_seg4,S5_LR1e3,S20_LR5e3,13.210125,13.231736,13.222679
CmWdPJhHpmg_seg12,S5_LR1e3,S2_LR1e2,33.751623,33.822860,33.662121
CrUsUVOtmuQ_seg0,S10_LR1e3,S5_LR1e2,23.142460,24.212461,22.881371
CrUsUVOtmuQ_seg15,S10_LR1e3,S20_LR1e2,20.795734,20.832758,20.806657
CtHWUi52FQE_seg11,S10_LR1e3,S5_LR1e2,22.972164,23.051477,22.968875
CyeuiHFNumM_seg2,S5_LR1e3,S20_LR1e2,16.841205,17.184690,16.824717
D27Ecr9vxKQ_seg17,S10_LR1e3,S10_LR5e3,24.045290,24.150606,24.150606
D5QkUJGSnyU_seg11,S10_LR1e3,S20_LR1e2,24.717129,25.030441,24.869037
D6SMMkvW5pI_seg5,S5_LR1e3,S5_LR1e3,30.420183,30.420183,30.262032
D8Px3DzaEvk_seg0,S10_LR1e3,S20_LR1e3,23.516024,23.527674,23.475379
D8op3DJEZyg_seg0,S10_LR1e3,S20_LR1e2,26.540046,27.282269,26.820569
DDuDtra_YYg_seg25,S10_LR1e3,S2_LR5e3,29.814492,30.031217,29.785329
DDuDtra_YYg_seg9,S2_LR1e2,S10_LR1e2,26.087091,26.198906,26.068517
DE6IkjpCxQE_seg1,S10_LR1e3,S20_LR1e2,18.283203,18.546641,18.400787
DE6IkjpCxQE_seg4,S10_LR1e3,S20_LR5e3,13.698997,13.729216,13.666981
DE9H16EHXv0_seg9,S10_LR1e3,S2_LR1e3,12.114702,12.128167,11.439138
DFXUTQsDI1M_seg101,S10_LR1e3,S10_LR1e3,13.630534,13.630534,13.338759
DFXUTQsDI1M_seg5,S10_LR1e3,S5_LR1e2,18.261159,18.475200,18.376624
DGLYV1RCVQY_seg14,S5_LR1e3,S10_LR1e3,18.170408,18.244238,18.242022
DGLYV1RCVQY_seg27,S5_LR1e3,S20_LR1e2,15.277780,15.750424,15.334352
DGP3zZMjIUA_seg1,S2_LR1e2,S20_LR1e2,22.694432,25.587708,22.333959
DIeZrHH3cFs_seg0,S10_LR1e3,S5_LR1e3,24.778741,24.822444,24.694840
DJzHjtzNqJM_seg0,S2_LR1e2,S10_LR1e2,16.871256,17.387715,17.372025
DJzHjtzNqJM_seg3,S10_LR1e3,S20_LR1e2,13.319682,13.343971,13.224302
DJzb1xoVzIY_seg13,S10_LR1e3,S5_LR1e3,22.756928,22.834645,22.726778
DJzb1xoVzIY_seg20,S10_LR1e3,S10_LR1e2,24.452881,24.654594,24.510189
DJzb1xoVzIY_seg22,S10_LR1e3,S10_LR1e2,21.612064,22.217616,21.556933
DMQjLBXLCMI_seg145,S10_LR1e3,S10_LR1e2,18.166155,18.302710,18.149256
DMgc0RLTWdk_seg9,S5_LR1e3,S20_LR1e2,21.290222,21.797782,21.340341
DNIIe7HSz5s_seg7,S5_LR1e3,S20_LR1e2,20.241257,20.385185,20.307515
DNv789iH_W0_seg2,S10_LR1e3,S20_LR1e2,14.536975,14.559730,14.552972
DNv789iH_W0_seg3,S2_LR1e2,S5_LR1e3,24.608621,24.620185,24.580013
DRbjD7TsX5g_seg12,S5_LR1e3,S20_LR1e2,24.542080,24.932688,24.588164
DRbjD7TsX5g_seg16,S10_LR1e3,S10_LR1e2,29.312469,29.315187,29.284845
DRi5JA7_da8_seg13,S5_LR1e3,S20_LR5e3,18.261942,18.758241,16.536546
DRi5JA7_da8_seg8,S2_LR1e2,S5_LR1e2,35.566195,36.121249,35.794567
DW6KF_ia2HE_seg49,S5_LR1e3,S5_LR1e3,19.733665,19.733665,19.650007
DW6KF_ia2HE_seg53,S5_LR1e3,S20_LR1e2,20.313724,22.059308,20.124772
DWyCxw7jJUY_seg16,S10_LR1e3,S10_LR1e3,27.832156,27.832156,27.723435
DetiX_XKG6c_seg3,S2_LR1e2,S5_LR1e2,22.140334,22.229272,22.052091
DgAu1QHIm_g_seg45,S5_LR1e3,S20_LR1e2,17.856407,19.377205,18.156117
DgAu1QHIm_g_seg9,S5_LR1e3,S10_LR1e2,14.042724,14.070665,14.069720
DhfTMcc7W64_seg0,S10_LR1e3,S20_LR1e2,13.279026,14.490214,14.050907
DiSbUrcVgXM_seg15,S5_LR1e3,S5_LR1e2,12.395865,12.414838,12.345921
DiSbUrcVgXM_seg19,S2_LR1e2,S20_LR5e3,18.501261,18.655615,18.488410
Diijq98QXNs_seg3,S5_LR1e3,S10_LR1e2,21.444730,21.768827,21.422045
Diijq98QXNs_seg7,S10_LR1e3,S10_LR1e2,25.435964,25.520277,25.457000
Dj0hDrLiP5A_seg1,S5_LR1e3,S10_LR1e2,16.365857,17.046148,16.467464
DjWknohFXPE_seg34,S5_LR1e3,S20_LR1e2,22.755289,25.966188,23.289545
DjWknohFXPE_seg42,S2_LR1e2,S5_LR1e2,23.558612,23.641940,23.336379
DjWknohFXPE_seg50,S5_LR1e3,S20_LR1e2,10.532753,10.548749,10.533057
DjWknohFXPE_seg53,S10_LR1e3,S20_LR1e3,17.683454,17.712485,17.611390
Dkb3reVIyoU_seg55,S2_LR1e2,S10_LR1e2,14.945836,14.969932,14.949071
Dkb3reVIyoU_seg97,S2_LR1e2,S20_LR1e2,24.686850,24.931993,24.770420
DluXKpkd2jI_seg21,S5_LR1e3,S20_LR1e2,21.547363,21.709915,21.565822
Dnpz8fSVuOI_seg0,S2_LR1e2,S10_LR1e3,13.785928,13.825934,13.805539
DsRkT8AegwY_seg33,S2_LR1e2,S10_LR1e2,25.365789,25.549739,25.418506
DtgwShdxQLk_seg20,S5_LR1e3,S20_LR1e2,17.554138,17.706298,17.579337
DudiRFnAr2g_seg9,S10_LR1e3,S2_LR1e2,14.698466,14.790840,14.689982
Dvu1dgjPq3Q_seg3,S5_LR1e3,S5_LR5e3,21.426859,21.499523,21.486742
DzIgcMr1oYM_seg3,S10_LR1e3,S10_LR1e2,20.271799,20.573752,20.256976
Dz_OObG6V_M_seg5,S10_LR1e3,S5_LR5e3,35.399179,35.425040,35.408568
E-5hapEZQNM_seg27,S10_LR1e3,S10_LR1e2,13.887913,14.509306,14.036974
E-ZBz4ToXTk_seg50,S5_LR1e3,S20_LR1e2,21.193909,23.271536,20.954058
E-ZBz4ToXTk_seg53,S2_LR1e2,S5_LR5e3,17.316527,17.379092,17.330577
E-ZBz4ToXTk_seg58,S10_LR1e3,S5_LR5e3,21.673443,23.087489,21.728594
E-ZBz4ToXTk_seg60,S2_LR1e2,S2_LR5e3,15.799666,15.923013,15.741577
E0WQ3lgT9zc_seg11,S10_LR1e3,S5_LR1e2,20.317382,20.437770,20.288492
E3QlJBzRpP0_seg17,S5_LR1e3,S20_LR1e2,4.159318,9.509802,4.251309
E3QlJBzRpP0_seg4,S5_LR1e3,S10_LR1e3,9.286861,9.413167,9.289002
E3QlJBzRpP0_seg48,S2_LR1e2,S10_LR1e2,18.989001,19.189941,19.121380
E3QlJBzRpP0_seg7,S5_LR1e3,S20_LR5e3,14.993567,15.340311,14.948645
E3QlJBzRpP0_seg82,S10_LR1e3,S5_LR1e2,10.745932,10.777012,10.753354
E3QlJBzRpP0_seg95,S5_LR1e3,S10_LR1e2,13.629091,13.814204,13.668897
E3STwDrJrTM_seg3,S5_LR1e3,S20_LR1e2,20.434251,20.727033,20.617222
E4C3X26dxbM_seg12,S5_LR1e3,S20_LR1e2,18.307010,19.367243,18.990642
E4C3X26dxbM_seg4,S10_LR1e3,S10_LR1e2,17.012354,17.043546,17.000918
E4C3X26dxbM_seg48,S5_LR1e3,S5_LR1e3,21.432791,21.432791,21.256342
E4C3X26dxbM_seg73,S2_LR1e2,S20_LR1e2,26.420944,26.537192,26.433362
E4ImPBZ3eM8_seg20,S2_LR1e2,S5_LR1e2,20.261388,20.315002,20.169141
E4ImPBZ3eM8_seg43,S5_LR1e3,S20_LR1e2,13.560777,13.735565,13.598813
E4ImPBZ3eM8_seg55,S10_LR1e3,S10_LR1e3,27.622073,27.622073,27.611266
E4l92dWi-mU_seg9,S5_LR1e3,S10_LR1e2,23.462175,23.619166,23.559139
E59xZyDFiJ8_seg10,S10_LR1e3,S20_LR5e3,25.672681,26.000918,25.642689
E68pr2Mt6jM_seg8,S5_LR1e3,S5_LR1e3,16.950159,16.950159,16.909673
E8XW83IRNQo_seg0,S2_LR1e2,S2_LR1e2,20.411654,20.411654,19.724919
E9PBF6Fy93M_seg4,S5_LR1e3,S10_LR1e3,17.012193,17.097558,16.896585
EAHBlwlsoRA_seg4,S10_LR1e3,S5_LR1e3,24.591909,24.946537,24.369292
EAt1pJKb2DQ_seg10,S10_LR1e3,S20_LR1e2,15.088710,15.651792,15.156462
EAt1pJKb2DQ_seg42,S5_LR1e3,S5_LR1e2,23.637585,23.783611,23.275841
EAt1pJKb2DQ_seg8,S10_LR1e3,S20_LR5e3,22.659849,22.684038,22.666854
ECOX8vpo6Ug_seg10,S5_LR1e3,S20_LR1e2,22.728642,23.274325,22.495842
ECOX8vpo6Ug_seg3,S5_LR1e3,S10_LR1e2,17.318083,17.396153,17.379462
ECRtOBCDiX0_seg24,S2_LR1e2,S5_LR5e3,17.645255,17.672618,17.605636
EGg5BusAJEE_seg15,S10_LR1e3,S20_LR1e2,18.020694,18.224862,18.078253
EIHSd9qlWkc_seg24,S2_LR1e2,S20_LR1e3,14.279268,14.648147,12.402790
EIHSd9qlWkc_seg35,S5_LR1e3,S20_LR1e2,16.210235,17.683562,16.835413
EIHSd9qlWkc_seg38,S2_LR1e2,S5_LR5e3,19.637363,19.661669,19.611012
EIZRGl0BxD4_seg2,S5_LR1e3,S20_LR1e2,26.561573,26.750077,26.516361
EPui1IxEKco_seg9,S5_LR1e3,S10_LR1e3,14.248285,14.327799,14.233199
EQM6INyKJj4_seg10,S5_LR1e3,S5_LR1e2,15.207769,16.144571,15.728700
EVR63OYUZjo_seg44,S10_LR1e3,S5_LR1e2,18.226661,18.245843,18.167648
EXR3Go7U2rk_seg10,S10_LR1e3,S10_LR1e3,22.094848,22.094848,21.916089
EXR3Go7U2rk_seg34,S5_LR1e3,S2_LR1e2,21.098064,21.173335,19.576445
EYRI9HU7DdQ_seg4,S2_LR1e2,S5_LR1e3,26.947647,27.356628,26.272290
EYUFe45xItI_seg10,S10_LR1e3,S5_LR1e2,17.581414,18.933083,17.114129
EYoKJPJSeeU_seg20,S5_LR1e3,S2_LR1e2,9.761907,9.869647,9.829325
EYoKJPJSeeU_seg26,S5_LR1e3,S10_LR1e2,11.840311,12.152643,11.985173
EYoKJPJSeeU_seg27,S10_LR1e3,S10_LR1e2,24.078121,24.307413,24.070304
EYoKJPJSeeU_seg35,S5_LR1e3,S20_LR1e2,10.998097,11.440284,11.408765
EYoKJPJSeeU_seg36,S5_LR1e3,S5_LR1e3,23.375459,23.375459,23.340322
EZTljA33Ol0_seg22,S5_LR1e3,S10_LR1e2,15.440144,15.533878,15.496072
EZTljA33Ol0_seg24,S10_LR1e3,S5_LR1e3,18.454255,18.508121,18.480248
EaKYAob9dMY_seg6,S10_LR1e3,S5_LR1e3,15.091308,15.142864,14.684841
EaiYFuJO39o_seg27,S10_LR1e3,S20_LR5e3,25.213868,25.333713,25.198854
Ec3TAVZigoc_seg1,S5_LR1e3,S20_LR1e2,18.294186,18.858174,18.399724
Ecrc8VuO1I8_seg15,S10_LR1e3,S5_LR1e3,16.706385,16.715601,16.675079
EftcmyooRMk_seg31,S5_LR1e3,S20_LR5e3,26.117498,29.299875,25.358515
EftcmyooRMk_seg50,S10_LR1e3,S2_LR1e3,29.679264,29.751698,29.655949
EftcmyooRMk_seg69,S2_LR1e2,S5_LR1e3,19.728589,19.867431,19.631343
EgFc44ubj2Q_seg12,S10_LR1e3,S20_LR1e2,12.722168,13.046800,12.465844
EgFc44ubj2Q_seg5,S10_LR1e3,S10_LR1e2,8.296458,8.311801,8.299481
EkjA8CiA0sQ_seg16,S5_LR1e3,S20_LR1e2,17.930858,18.055380,17.801733
EmD8mLKjKGo_seg17,S5_LR1e3,S20_LR1e2,24.404286,24.591033,24.420434
ErlMpu01xbQ_seg3,S10_LR1e3,S10_LR5e3,18.138734,18.209827,18.209827
Es3bNcw0TYc_seg15,S5_LR1e3,S20_LR5e3,14.617016,14.933232,14.838270
Es3bNcw0TYc_seg9,S5_LR1e3,S20_LR1e2,25.265209,25.515062,25.264045
EsR0MQlfgYc_seg3,S5_LR1e3,S10_LR1e2,14.633852,14.652220,14.629601
EtvIWDk8nwU_seg13,S5_LR1e3,S10_LR1e2,17.266563,17.408361,17.310217
Eu9Eu9oHByI_seg20,S5_LR1e3,S20_LR1e3,21.780837,22.102963,21.871561
EuaZPHDsuDQ_seg3,S10_LR1e3,S2_LR1e3,26.774253,26.803157,26.746160
EvL6_CsH90A_seg7,S2_LR1e2,S10_LR1e2,21.906437,21.956153,21.946995
EwTDvO4WO5o_seg0,S5_LR1e3,S2_LR5e3,31.853242,31.946230,31.741953
EwTDvO4WO5o_seg106,S5_LR1e3,S2_LR1e3,31.206560,31.232103,31.158015
EwTDvO4WO5o_seg22,S2_LR1e2,S10_LR1e2,17.574540,17.630136,17.452718
