video,chunk,signal,NOTTA,gen,clean
-yJlaOSOMjg_seg368,1,sharpness,0.002194,0.002170,0.002195
-yJlaOSOMjg_seg368,1,temporal_motion,0.031159,0.031075,0.030658
-yJlaOSOMjg_seg368,1,colorfulness,0.108530,0.108661,0.108362
-yJlaOSOMjg_seg368,1,contrast,0.256754,0.257972,0.258140
-yJlaOSOMjg_seg368,1,psnr,17.016802,17.009934,17.006934
-yJlaOSOMjg_seg368,1,ssim,0.568321,0.569297,0.569980
-yJlaOSOMjg_seg368,1,lpips,0.271334,0.270982,0.270891
-yJlaOSOMjg_seg368,2,sharpness,0.002550,0.002595,0.002566
-yJlaOSOMjg_seg368,2,temporal_motion,0.026442,0.025842,0.025208
-yJlaOSOMjg_seg368,2,colorfulness,0.054131,0.049255,0.050857
-yJlaOSOMjg_seg368,2,contrast,0.189623,0.197053,0.197748
-yJlaOSOMjg_seg368,2,psnr,,,
-yJlaOSOMjg_seg368,2,ssim,,,
-yJlaOSOMjg_seg368,2,lpips,,,
-yJlaOSOMjg_seg368,3,sharpness,0.003224,0.003019,0.002912
-yJlaOSOMjg_seg368,3,temporal_motion,0.026501,0.027607,0.027581
-yJlaOSOMjg_seg368,3,colorfulness,0.051141,0.050636,0.058224
-yJlaOSOMjg_seg368,3,contrast,0.201539,0.186823,0.189646
-yJlaOSOMjg_seg368,3,psnr,,,
-yJlaOSOMjg_seg368,3,ssim,,,
-yJlaOSOMjg_seg368,3,lpips,,,
-yJlaOSOMjg_seg368,4,sharpness,0.003061,0.003267,0.003097
-yJlaOSOMjg_seg368,4,temporal_motion,0.028105,0.027327,0.031985
-yJlaOSOMjg_seg368,4,colorfulness,0.088465,0.082809,0.087390
-yJlaOSOMjg_seg368,4,contrast,0.241774,0.237990,0.204425
-yJlaOSOMjg_seg368,4,psnr,,,
-yJlaOSOMjg_seg368,4,ssim,,,
-yJlaOSOMjg_seg368,4,lpips,,,
-yJlaOSOMjg_seg368,5,sharpness,0.004129,0.004572,0.003258
-yJlaOSOMjg_seg368,5,temporal_motion,0.024855,0.019551,0.034829
-yJlaOSOMjg_seg368,5,colorfulness,0.092529,0.073310,0.067405
-yJlaOSOMjg_seg368,5,contrast,0.229319,0.251051,0.169888
-yJlaOSOMjg_seg368,5,psnr,,,
-yJlaOSOMjg_seg368,5,ssim,,,
-yJlaOSOMjg_seg368,5,lpips,,,
-yJlaOSOMjg_seg368,6,sharpness,0.005448,0.005496,0.004185
-yJlaOSOMjg_seg368,6,temporal_motion,0.022085,0.017724,0.030872
-yJlaOSOMjg_seg368,6,colorfulness,0.087153,0.073684,0.065917
-yJlaOSOMjg_seg368,6,contrast,0.211551,0.227203,0.161705
-yJlaOSOMjg_seg368,6,psnr,,,
-yJlaOSOMjg_seg368,6,ssim,,,
-yJlaOSOMjg_seg368,6,lpips,,,
-yJlaOSOMjg_seg368,7,sharpness,0.005876,0.005916,0.004495
-yJlaOSOMjg_seg368,7,temporal_motion,0.014008,0.032100,0.024012
-yJlaOSOMjg_seg368,7,colorfulness,0.083297,0.074322,0.090737
-yJlaOSOMjg_seg368,7,contrast,0.201665,0.233777,0.203724
-yJlaOSOMjg_seg368,7,psnr,,,
-yJlaOSOMjg_seg368,7,ssim,,,
-yJlaOSOMjg_seg368,7,lpips,,,
-yJlaOSOMjg_seg368,8,sharpness,0.006401,0.005600,0.005295
-yJlaOSOMjg_seg368,8,temporal_motion,0.021316,0.036078,0.014633
-yJlaOSOMjg_seg368,8,colorfulness,0.079412,0.101348,0.109177
-yJlaOSOMjg_seg368,8,contrast,0.200043,0.238010,0.229506
-yJlaOSOMjg_seg368,8,psnr,,,
-yJlaOSOMjg_seg368,8,ssim,,,
-yJlaOSOMjg_seg368,8,lpips,,,
-yJlaOSOMjg_seg368,9,sharpness,0.007207,0.008040,0.006327
-yJlaOSOMjg_seg368,9,temporal_motion,0.024296,0.033379,0.017212
-yJlaOSOMjg_seg368,9,colorfulness,0.078855,0.125635,0.109029
-yJlaOSOMjg_seg368,9,contrast,0.197981,0.240610,0.232109
-yJlaOSOMjg_seg368,9,psnr,,,
-yJlaOSOMjg_seg368,9,ssim,,,
-yJlaOSOMjg_seg368,9,lpips,,,
-yJlaOSOMjg_seg368,10,sharpness,0.007547,0.010716,0.005940
-yJlaOSOMjg_seg368,10,temporal_motion,0.024732,0.030569,0.017415
-yJlaOSOMjg_seg368,10,colorfulness,0.082285,0.101748,0.116365
-yJlaOSOMjg_seg368,10,contrast,0.191993,0.279615,0.227331
-yJlaOSOMjg_seg368,10,psnr,,,
-yJlaOSOMjg_seg368,10,ssim,,,
-yJlaOSOMjg_seg368,10,lpips,,,
-yJlaOSOMjg_seg368,11,sharpness,0.008073,0.011005,0.006892
-yJlaOSOMjg_seg368,11,temporal_motion,0.025017,0.029231,0.021080
-yJlaOSOMjg_seg368,11,colorfulness,0.079649,0.105579,0.117412
-yJlaOSOMjg_seg368,11,contrast,0.194875,0.280403,0.224558
-yJlaOSOMjg_seg368,11,psnr,,,
-yJlaOSOMjg_seg368,11,ssim,,,
-yJlaOSOMjg_seg368,11,lpips,,,
-yJlaOSOMjg_seg368,12,sharpness,0.008822,0.011055,0.007779
-yJlaOSOMjg_seg368,12,temporal_motion,0.013658,0.024670,0.018712
-yJlaOSOMjg_seg368,12,colorfulness,0.087942,0.120971,0.119640
-yJlaOSOMjg_seg368,12,contrast,0.216219,0.276994,0.219896
-yJlaOSOMjg_seg368,12,psnr,,,
-yJlaOSOMjg_seg368,12,ssim,,,
-yJlaOSOMjg_seg368,12,lpips,,,
1mESBN7EzqI_seg6,1,sharpness,0.000207,0.000193,0.000186
1mESBN7EzqI_seg6,1,temporal_motion,0.020744,0.026792,0.023007
1mESBN7EzqI_seg6,1,colorfulness,0.206484,0.219109,0.217135
1mESBN7EzqI_seg6,1,contrast,0.209106,0.217803,0.207372
1mESBN7EzqI_seg6,1,psnr,17.152716,17.175431,17.185218
1mESBN7EzqI_seg6,1,ssim,0.847476,0.846876,0.848393
1mESBN7EzqI_seg6,1,lpips,0.292561,0.294453,0.291845
1mESBN7EzqI_seg6,2,sharpness,0.000195,0.000545,0.000816
1mESBN7EzqI_seg6,2,temporal_motion,0.023461,0.018684,0.013110
1mESBN7EzqI_seg6,2,colorfulness,0.161160,0.180221,0.186327
1mESBN7EzqI_seg6,2,contrast,0.216543,0.196236,0.230938
1mESBN7EzqI_seg6,2,psnr,,,
1mESBN7EzqI_seg6,2,ssim,,,
1mESBN7EzqI_seg6,2,lpips,,,
1mESBN7EzqI_seg6,3,sharpness,0.000302,0.001200,0.001067
1mESBN7EzqI_seg6,3,temporal_motion,0.011322,0.006846,0.007637
1mESBN7EzqI_seg6,3,colorfulness,0.208324,0.206126,0.187898
1mESBN7EzqI_seg6,3,contrast,0.235064,0.230093,0.255169
1mESBN7EzqI_seg6,3,psnr,,,
1mESBN7EzqI_seg6,3,ssim,,,
1mESBN7EzqI_seg6,3,lpips,,,
1mESBN7EzqI_seg6,4,sharpness,0.000263,0.000937,0.000584
1mESBN7EzqI_seg6,4,temporal_motion,0.009637,0.009168,0.008387
1mESBN7EzqI_seg6,4,colorfulness,0.193607,0.199168,0.191137
1mESBN7EzqI_seg6,4,contrast,0.218155,0.218065,0.220130
1mESBN7EzqI_seg6,4,psnr,,,
1mESBN7EzqI_seg6,4,ssim,,,
1mESBN7EzqI_seg6,4,lpips,,,
1mESBN7EzqI_seg6,5,sharpness,0.000497,0.000917,0.000887
1mESBN7EzqI_seg6,5,temporal_motion,0.010210,0.004714,0.006662
1mESBN7EzqI_seg6,5,colorfulness,0.193089,0.187725,0.191186
1mESBN7EzqI_seg6,5,contrast,0.215978,0.207084,0.215422
1mESBN7EzqI_seg6,5,psnr,,,
1mESBN7EzqI_seg6,5,ssim,,,
1mESBN7EzqI_seg6,5,lpips,,,
1mESBN7EzqI_seg6,6,sharpness,0.000389,0.001168,0.001348
1mESBN7EzqI_seg6,6,temporal_motion,0.010322,0.007396,0.004131
1mESBN7EzqI_seg6,6,colorfulness,0.205506,0.191918,0.195651
1mESBN7EzqI_seg6,6,contrast,0.220063,0.204129,0.222451
1mESBN7EzqI_seg6,6,psnr,,,
1mESBN7EzqI_seg6,6,ssim,,,
1mESBN7EzqI_seg6,6,lpips,,,
1mESBN7EzqI_seg6,7,sharpness,0.000721,0.001104,0.001194
1mESBN7EzqI_seg6,7,temporal_motion,0.014632,0.004778,0.007051
1mESBN7EzqI_seg6,7,colorfulness,0.208994,0.184892,0.198445
1mESBN7EzqI_seg6,7,contrast,0.212720,0.194940,0.224916
1mESBN7EzqI_seg6,7,psnr,,,
1mESBN7EzqI_seg6,7,ssim,,,
1mESBN7EzqI_seg6,7,lpips,,,
1mESBN7EzqI_seg6,8,sharpness,0.001170,0.001081,0.001440
1mESBN7EzqI_seg6,8,temporal_motion,0.018252,0.007251,0.004157
1mESBN7EzqI_seg6,8,colorfulness,0.220406,0.192298,0.199046
1mESBN7EzqI_seg6,8,contrast,0.215633,0.202755,0.219847
1mESBN7EzqI_seg6,8,psnr,,,
1mESBN7EzqI_seg6,8,ssim,,,
1mESBN7EzqI_seg6,8,lpips,,,
1mESBN7EzqI_seg6,9,sharpness,0.001052,0.000839,0.001696
1mESBN7EzqI_seg6,9,temporal_motion,0.020506,0.007177,0.008305
1mESBN7EzqI_seg6,9,colorfulness,0.220641,0.187220,0.199685
1mESBN7EzqI_seg6,9,contrast,0.202208,0.189433,0.211116
1mESBN7EzqI_seg6,9,psnr,,,
1mESBN7EzqI_seg6,9,ssim,,,
1mESBN7EzqI_seg6,9,lpips,,,
1mESBN7EzqI_seg6,10,sharpness,0.000757,0.001498,0.002550
1mESBN7EzqI_seg6,10,temporal_motion,0.017032,0.012234,0.007537
1mESBN7EzqI_seg6,10,colorfulness,0.207197,0.202143,0.191874
1mESBN7EzqI_seg6,10,contrast,0.172103,0.204849,0.181883
1mESBN7EzqI_seg6,10,psnr,,,
1mESBN7EzqI_seg6,10,ssim,,,
1mESBN7EzqI_seg6,10,lpips,,,
1mESBN7EzqI_seg6,11,sharpness,0.001066,0.002047,0.002618
1mESBN7EzqI_seg6,11,temporal_motion,0.020720,0.016585,0.008600
1mESBN7EzqI_seg6,11,colorfulness,0.209898,0.191888,0.184367
1mESBN7EzqI_seg6,11,contrast,0.155808,0.187821,0.157158
1mESBN7EzqI_seg6,11,psnr,,,
1mESBN7EzqI_seg6,11,ssim,,,
1mESBN7EzqI_seg6,11,lpips,,,
1mESBN7EzqI_seg6,12,sharpness,0.001387,0.001766,0.003789
1mESBN7EzqI_seg6,12,temporal_motion,0.021452,0.028425,0.010240
1mESBN7EzqI_seg6,12,colorfulness,0.211972,0.187319,0.193664
1mESBN7EzqI_seg6,12,contrast,0.156779,0.161650,0.191820
1mESBN7EzqI_seg6,12,psnr,,,
1mESBN7EzqI_seg6,12,ssim,,,
1mESBN7EzqI_seg6,12,lpips,,,
4UeC19nkrBc_seg10,1,sharpness,0.023138,0.023121,0.023091
4UeC19nkrBc_seg10,1,temporal_motion,0.008277,0.008307,0.008271
4UeC19nkrBc_seg10,1,colorfulness,0.173203,0.172987,0.172981
4UeC19nkrBc_seg10,1,contrast,0.294548,0.294488,0.294434
4UeC19nkrBc_seg10,1,psnr,20.781293,20.841960,20.828776
4UeC19nkrBc_seg10,1,ssim,0.658981,0.662283,0.662146
4UeC19nkrBc_seg10,1,lpips,0.105534,0.105039,0.105119
4UeC19nkrBc_seg10,2,sharpness,0.022726,0.022715,0.022682
4UeC19nkrBc_seg10,2,temporal_motion,0.023263,0.023235,0.027521
4UeC19nkrBc_seg10,2,colorfulness,0.178860,0.178520,0.177676
4UeC19nkrBc_seg10,2,contrast,0.287643,0.287712,0.287926
4UeC19nkrBc_seg10,2,psnr,16.389660,16.438000,16.406271
4UeC19nkrBc_seg10,2,ssim,0.411108,0.413693,0.413209
4UeC19nkrBc_seg10,2,lpips,0.160257,0.159355,0.160205
4UeC19nkrBc_seg10,3,sharpness,0.021018,0.021199,0.020394
4UeC19nkrBc_seg10,3,temporal_motion,0.032765,0.032527,0.031316
4UeC19nkrBc_seg10,3,colorfulness,0.210057,0.207900,0.197471
4UeC19nkrBc_seg10,3,contrast,0.209770,0.210544,0.250920
4UeC19nkrBc_seg10,3,psnr,,,
4UeC19nkrBc_seg10,3,ssim,,,
4UeC19nkrBc_seg10,3,lpips,,,
4UeC19nkrBc_seg10,4,sharpness,0.024503,0.024683,0.021224
4UeC19nkrBc_seg10,4,temporal_motion,0.020906,0.013230,0.026036
4UeC19nkrBc_seg10,4,colorfulness,0.201397,0.199783,0.198436
4UeC19nkrBc_seg10,4,contrast,0.192225,0.191839,0.235182
4UeC19nkrBc_seg10,4,psnr,,,
4UeC19nkrBc_seg10,4,ssim,,,
4UeC19nkrBc_seg10,4,lpips,,,
4UeC19nkrBc_seg10,5,sharpness,0.019414,0.024433,0.020967
4UeC19nkrBc_seg10,5,temporal_motion,0.080717,0.029777,0.035625
4UeC19nkrBc_seg10,5,colorfulness,0.183945,0.196536,0.199772
4UeC19nkrBc_seg10,5,contrast,0.204413,0.191785,0.208193
4UeC19nkrBc_seg10,5,psnr,,,
4UeC19nkrBc_seg10,5,ssim,,,
4UeC19nkrBc_seg10,5,lpips,,,
4UeC19nkrBc_seg10,6,sharpness,0.015502,0.007815,0.014412
4UeC19nkrBc_seg10,6,temporal_motion,0.093939,0.079212,0.069810
4UeC19nkrBc_seg10,6,colorfulness,0.149711,0.165096,0.181881
4UeC19nkrBc_seg10,6,contrast,0.228812,0.177327,0.173718
4UeC19nkrBc_seg10,6,psnr,,,
4UeC19nkrBc_seg10,6,ssim,,,
4UeC19nkrBc_seg10,6,lpips,,,
4UeC19nkrBc_seg10,7,sharpness,0.019612,0.009753,0.010849
4UeC19nkrBc_seg10,7,temporal_motion,0.054402,0.055372,0.062344
4UeC19nkrBc_seg10,7,colorfulness,0.147261,0.139229,0.151519
4UeC19nkrBc_seg10,7,contrast,0.219753,0.172507,0.158353
4UeC19nkrBc_seg10,7,psnr,,,
4UeC19nkrBc_seg10,7,ssim,,,
4UeC19nkrBc_seg10,7,lpips,,,
4UeC19nkrBc_seg10,8,sharpness,0.020799,0.010453,0.010413
4UeC19nkrBc_seg10,8,temporal_motion,0.056163,0.045727,0.058560
4UeC19nkrBc_seg10,8,colorfulness,0.144799,0.127742,0.133791
4UeC19nkrBc_seg10,8,contrast,0.210292,0.170697,0.154927
4UeC19nkrBc_seg10,8,psnr,,,
4UeC19nkrBc_seg10,8,ssim,,,
4UeC19nkrBc_seg10,8,lpips,,,
4UeC19nkrBc_seg10,9,sharpness,0.018311,0.010405,0.010173
4UeC19nkrBc_seg10,9,temporal_motion,0.052414,0.040838,0.045396
4UeC19nkrBc_seg10,9,colorfulness,0.141648,0.111005,0.121646
4UeC19nkrBc_seg10,9,contrast,0.203971,0.161612,0.151360
4UeC19nkrBc_seg10,9,psnr,,,
4UeC19nkrBc_seg10,9,ssim,,,
4UeC19nkrBc_seg10,9,lpips,,,
4UeC19nkrBc_seg10,10,sharpness,0.017818,0.010494,0.010140
4UeC19nkrBc_seg10,10,temporal_motion,0.052210,0.041320,0.046278
4UeC19nkrBc_seg10,10,colorfulness,0.140637,0.099889,0.112534
4UeC19nkrBc_seg10,10,contrast,0.194231,0.156885,0.147062
4UeC19nkrBc_seg10,10,psnr,,,
4UeC19nkrBc_seg10,10,ssim,,,
4UeC19nkrBc_seg10,10,lpips,,,
4UeC19nkrBc_seg10,11,sharpness,0.016787,0.010321,0.010520
4UeC19nkrBc_seg10,11,temporal_motion,0.055674,0.042545,0.044726
4UeC19nkrBc_seg10,11,colorfulness,0.135291,0.096953,0.103763
4UeC19nkrBc_seg10,11,contrast,0.187473,0.154677,0.143390
4UeC19nkrBc_seg10,11,psnr,,,
4UeC19nkrBc_seg10,11,ssim,,,
4UeC19nkrBc_seg10,11,lpips,,,
4UeC19nkrBc_seg10,12,sharpness,0.016754,0.010229,0.010467
4UeC19nkrBc_seg10,12,temporal_motion,0.051138,0.042557,0.039400
4UeC19nkrBc_seg10,12,colorfulness,0.127895,0.096910,0.102338
4UeC19nkrBc_seg10,12,contrast,0.175682,0.147580,0.140660
4UeC19nkrBc_seg10,12,psnr,,,
4UeC19nkrBc_seg10,12,ssim,,,
4UeC19nkrBc_seg10,12,lpips,,,
5v-eepDq-NQ_seg44,1,sharpness,0.001153,0.001162,0.001162
5v-eepDq-NQ_seg44,1,temporal_motion,0.012438,0.012351,0.012224
5v-eepDq-NQ_seg44,1,colorfulness,0.171955,0.171900,0.172043
5v-eepDq-NQ_seg44,1,contrast,0.284209,0.283979,0.283949
5v-eepDq-NQ_seg44,1,psnr,14.696893,14.684138,14.692699
5v-eepDq-NQ_seg44,1,ssim,0.731288,0.731144,0.731246
5v-eepDq-NQ_seg44,1,lpips,0.339574,0.339271,0.339205
5v-eepDq-NQ_seg44,2,sharpness,0.001498,0.001523,0.001529
5v-eepDq-NQ_seg44,2,temporal_motion,0.014537,0.014183,0.014569
5v-eepDq-NQ_seg44,2,colorfulness,0.165752,0.165633,0.164926
5v-eepDq-NQ_seg44,2,contrast,0.302442,0.301792,0.302150
5v-eepDq-NQ_seg44,2,psnr,10.485708,10.516728,10.533985
5v-eepDq-NQ_seg44,2,ssim,0.631928,0.632020,0.631676
5v-eepDq-NQ_seg44,2,lpips,0.524790,0.525077,0.526278
5v-eepDq-NQ_seg44,3,sharpness,0.001944,0.001782,0.000851
5v-eepDq-NQ_seg44,3,temporal_motion,0.018002,0.016559,0.018338
5v-eepDq-NQ_seg44,3,colorfulness,0.169464,0.171798,0.181656
5v-eepDq-NQ_seg44,3,contrast,0.297105,0.286449,0.252943
5v-eepDq-NQ_seg44,3,psnr,,,
5v-eepDq-NQ_seg44,3,ssim,,,
5v-eepDq-NQ_seg44,3,lpips,,,
5v-eepDq-NQ_seg44,4,sharpness,0.002555,0.002644,0.001068
5v-eepDq-NQ_seg44,4,temporal_motion,0.011858,0.012314,0.014767
5v-eepDq-NQ_seg44,4,colorfulness,0.166158,0.168593,0.171867
5v-eepDq-NQ_seg44,4,contrast,0.306920,0.296310,0.244475
5v-eepDq-NQ_seg44,4,psnr,,,
5v-eepDq-NQ_seg44,4,ssim,,,
5v-eepDq-NQ_seg44,4,lpips,,,
5v-eepDq-NQ_seg44,5,sharpness,0.001384,0.002717,0.002314
5v-eepDq-NQ_seg44,5,temporal_motion,0.009968,0.008790,0.010308
5v-eepDq-NQ_seg44,5,colorfulness,0.177614,0.161848,0.147393
5v-eepDq-NQ_seg44,5,contrast,0.274922,0.298446,0.285977
5v-eepDq-NQ_seg44,5,psnr,,,
5v-eepDq-NQ_seg44,5,ssim,,,
5v-eepDq-NQ_seg44,5,lpips,,,
5v-eepDq-NQ_seg44,6,sharpness,0.001136,0.002903,0.003061
5v-eepDq-NQ_seg44,6,temporal_motion,0.012159,0.009378,0.010379
5v-eepDq-NQ_seg44,6,colorfulness,0.184561,0.162947,0.153162
5v-eepDq-NQ_seg44,6,contrast,0.254157,0.288225,0.293927
5v-eepDq-NQ_seg44,6,psnr,,,
5v-eepDq-NQ_seg44,6,ssim,,,
5v-eepDq-NQ_seg44,6,lpips,,,
5v-eepDq-NQ_seg44,7,sharpness,0.003680,0.003150,0.003222
5v-eepDq-NQ_seg44,7,temporal_motion,0.013133,0.018789,0.012318
5v-eepDq-NQ_seg44,7,colorfulness,0.174944,0.164897,0.157719
5v-eepDq-NQ_seg44,7,contrast,0.269345,0.274419,0.286674
5v-eepDq-NQ_seg44,7,psnr,,,
5v-eepDq-NQ_seg44,7,ssim,,,
5v-eepDq-NQ_seg44,7,lpips,,,
5v-eepDq-NQ_seg44,8,sharpness,0.004796,0.003009,0.003254
5v-eepDq-NQ_seg44,8,temporal_motion,0.018681,0.021825,0.008354
5v-eepDq-NQ_seg44,8,colorfulness,0.175618,0.171340,0.157233
5v-eepDq-NQ_seg44,8,contrast,0.251566,0.268395,0.277985
5v-eepDq-NQ_seg44,8,psnr,,,
5v-eepDq-NQ_seg44,8,ssim,,,
5v-eepDq-NQ_seg44,8,lpips,,,
5v-eepDq-NQ_seg44,9,sharpness,0.003877,0.003123,0.003588
5v-eepDq-NQ_seg44,9,temporal_motion,0.018906,0.022801,0.009813
5v-eepDq-NQ_seg44,9,colorfulness,0.173173,0.177586,0.160583
5v-eepDq-NQ_seg44,9,contrast,0.213937,0.253748,0.274363
5v-eepDq-NQ_seg44,9,psnr,,,
5v-eepDq-NQ_seg44,9,ssim,,,
5v-eepDq-NQ_seg44,9,lpips,,,
5v-eepDq-NQ_seg44,10,sharpness,0.003210,0.002933,0.003762
5v-eepDq-NQ_seg44,10,temporal_motion,0.020300,0.025673,0.011587
5v-eepDq-NQ_seg44,10,colorfulness,0.161892,0.178300,0.160460
5v-eepDq-NQ_seg44,10,contrast,0.198541,0.254462,0.266578
5v-eepDq-NQ_seg44,10,psnr,,,
5v-eepDq-NQ_seg44,10,ssim,,,
5v-eepDq-NQ_seg44,10,lpips,,,
5v-eepDq-NQ_seg44,11,sharpness,0.004484,0.002869,0.003829
5v-eepDq-NQ_seg44,11,temporal_motion,0.024472,0.023197,0.011837
5v-eepDq-NQ_seg44,11,colorfulness,0.172167,0.195819,0.158337
5v-eepDq-NQ_seg44,11,contrast,0.229432,0.234844,0.251182
5v-eepDq-NQ_seg44,11,psnr,,,
5v-eepDq-NQ_seg44,11,ssim,,,
5v-eepDq-NQ_seg44,11,lpips,,,
5v-eepDq-NQ_seg44,12,sharpness,0.006087,0.002226,0.004212
5v-eepDq-NQ_seg44,12,temporal_motion,0.018998,0.018257,0.016904
5v-eepDq-NQ_seg44,12,colorfulness,0.179075,0.200740,0.158722
5v-eepDq-NQ_seg44,12,contrast,0.249407,0.220755,0.248071
5v-eepDq-NQ_seg44,12,psnr,,,
5v-eepDq-NQ_seg44,12,ssim,,,
5v-eepDq-NQ_seg44,12,lpips,,,
7TO_CrB7PSI_seg27,1,sharpness,0.001050,0.001045,0.001038
7TO_CrB7PSI_seg27,1,temporal_motion,0.035377,0.034448,0.035020
7TO_CrB7PSI_seg27,1,colorfulness,0.066348,0.068218,0.068603
7TO_CrB7PSI_seg27,1,contrast,0.141737,0.142106,0.141558
7TO_CrB7PSI_seg27,1,psnr,14.967720,14.933265,14.969680
7TO_CrB7PSI_seg27,1,ssim,0.595055,0.596900,0.595235
7TO_CrB7PSI_seg27,1,lpips,0.516078,0.515675,0.515999
7TO_CrB7PSI_seg27,2,sharpness,0.001348,0.001227,0.001249
7TO_CrB7PSI_seg27,2,temporal_motion,0.044193,0.038797,0.036046
7TO_CrB7PSI_seg27,2,colorfulness,0.079873,0.077537,0.077454
7TO_CrB7PSI_seg27,2,contrast,0.155876,0.145943,0.143064
7TO_CrB7PSI_seg27,2,psnr,,,
7TO_CrB7PSI_seg27,2,ssim,,,
7TO_CrB7PSI_seg27,2,lpips,,,
7TO_CrB7PSI_seg27,3,sharpness,0.001285,0.001559,0.001459
7TO_CrB7PSI_seg27,3,temporal_motion,0.042587,0.056093,0.034150
7TO_CrB7PSI_seg27,3,colorfulness,0.088984,0.080369,0.080605
7TO_CrB7PSI_seg27,3,contrast,0.160200,0.159253,0.170855
7TO_CrB7PSI_seg27,3,psnr,,,
7TO_CrB7PSI_seg27,3,ssim,,,
7TO_CrB7PSI_seg27,3,lpips,,,
7TO_CrB7PSI_seg27,4,sharpness,0.001302,0.002053,0.001682
7TO_CrB7PSI_seg27,4,temporal_motion,0.029861,0.043676,0.039574
7TO_CrB7PSI_seg27,4,colorfulness,0.094644,0.071712,0.080102
7TO_CrB7PSI_seg27,4,contrast,0.133882,0.128230,0.159560
7TO_CrB7PSI_seg27,4,psnr,,,
7TO_CrB7PSI_seg27,4,ssim,,,
7TO_CrB7PSI_seg27,4,lpips,,,
7TO_CrB7PSI_seg27,5,sharpness,0.001406,0.002418,0.001636
7TO_CrB7PSI_seg27,5,temporal_motion,0.044392,0.035016,0.051524
7TO_CrB7PSI_seg27,5,colorfulness,0.092260,0.072012,0.077589
7TO_CrB7PSI_seg27,5,contrast,0.134221,0.139344,0.166800
7TO_CrB7PSI_seg27,5,psnr,,,
7TO_CrB7PSI_seg27,5,ssim,,,
7TO_CrB7PSI_seg27,5,lpips,,,
7TO_CrB7PSI_seg27,6,sharpness,0.001875,0.002765,0.002295
7TO_CrB7PSI_seg27,6,temporal_motion,0.045459,0.023525,0.042733
7TO_CrB7PSI_seg27,6,colorfulness,0.083209,0.072931,0.080445
7TO_CrB7PSI_seg27,6,contrast,0.126910,0.142361,0.179460
7TO_CrB7PSI_seg27,6,psnr,,,
7TO_CrB7PSI_seg27,6,ssim,,,
7TO_CrB7PSI_seg27,6,lpips,,,
7TO_CrB7PSI_seg27,7,sharpness,0.002820,0.003825,0.003879
7TO_CrB7PSI_seg27,7,temporal_motion,0.045500,0.039406,0.052314
7TO_CrB7PSI_seg27,7,colorfulness,0.096094,0.073983,0.089875
7TO_CrB7PSI_seg27,7,contrast,0.132539,0.144972,0.187961
7TO_CrB7PSI_seg27,7,psnr,,,
7TO_CrB7PSI_seg27,7,ssim,,,
7TO_CrB7PSI_seg27,7,lpips,,,
7TO_CrB7PSI_seg27,8,sharpness,0.004327,0.005250,0.004815
7TO_CrB7PSI_seg27,8,temporal_motion,0.057623,0.039379,0.052559
7TO_CrB7PSI_seg27,8,colorfulness,0.085341,0.077300,0.092393
7TO_CrB7PSI_seg27,8,contrast,0.147919,0.144248,0.199692
7TO_CrB7PSI_seg27,8,psnr,,,
7TO_CrB7PSI_seg27,8,ssim,,,
7TO_CrB7PSI_seg27,8,lpips,,,
7TO_CrB7PSI_seg27,9,sharpness,0.003987,0.006177,0.005780
7TO_CrB7PSI_seg27,9,temporal_motion,0.069845,0.042173,0.056697
7TO_CrB7PSI_seg27,9,colorfulness,0.079830,0.076984,0.090503
7TO_CrB7PSI_seg27,9,contrast,0.150951,0.139873,0.194298
7TO_CrB7PSI_seg27,9,psnr,,,
7TO_CrB7PSI_seg27,9,ssim,,,
7TO_CrB7PSI_seg27,9,lpips,,,
7TO_CrB7PSI_seg27,10,sharpness,0.004645,0.007030,0.006992
7TO_CrB7PSI_seg27,10,temporal_motion,0.074505,0.049872,0.060498
7TO_CrB7PSI_seg27,10,colorfulness,0.080384,0.080319,0.082548
7TO_CrB7PSI_seg27,10,contrast,0.144370,0.144262,0.172121
7TO_CrB7PSI_seg27,10,psnr,,,
7TO_CrB7PSI_seg27,10,ssim,,,
7TO_CrB7PSI_seg27,10,lpips,,,
7TO_CrB7PSI_seg27,11,sharpness,0.005004,0.008191,0.007541
7TO_CrB7PSI_seg27,11,temporal_motion,0.082011,0.052006,0.062909
7TO_CrB7PSI_seg27,11,colorfulness,0.082083,0.081444,0.078080
7TO_CrB7PSI_seg27,11,contrast,0.146627,0.143136,0.158256
7TO_CrB7PSI_seg27,11,psnr,,,
7TO_CrB7PSI_seg27,11,ssim,,,
7TO_CrB7PSI_seg27,11,lpips,,,
7TO_CrB7PSI_seg27,12,sharpness,0.005293,0.008420,0.008493
7TO_CrB7PSI_seg27,12,temporal_motion,0.075737,0.059644,0.060150
7TO_CrB7PSI_seg27,12,colorfulness,0.083922,0.084920,0.079908
7TO_CrB7PSI_seg27,12,contrast,0.147788,0.140879,0.162427
7TO_CrB7PSI_seg27,12,psnr,,,
7TO_CrB7PSI_seg27,12,ssim,,,
7TO_CrB7PSI_seg27,12,lpips,,,
86KC2a8qcQI_seg21,1,sharpness,0.017768,0.017609,0.013193
86KC2a8qcQI_seg21,1,temporal_motion,0.020601,0.021179,0.037925
86KC2a8qcQI_seg21,1,colorfulness,0.109902,0.110455,0.101293
86KC2a8qcQI_seg21,1,contrast,0.306705,0.307582,0.319817
86KC2a8qcQI_seg21,1,psnr,21.058473,20.972169,20.723338
86KC2a8qcQI_seg21,1,ssim,0.749563,0.747126,0.705004
86KC2a8qcQI_seg21,1,lpips,0.135953,0.137087,0.142118
86KC2a8qcQI_seg21,2,sharpness,0.018160,0.013374,0.010385
86KC2a8qcQI_seg21,2,temporal_motion,0.066946,0.058802,0.051453
86KC2a8qcQI_seg21,2,colorfulness,0.106108,0.116645,0.098504
86KC2a8qcQI_seg21,2,contrast,0.304205,0.309402,0.321453
86KC2a8qcQI_seg21,2,psnr,,,
86KC2a8qcQI_seg21,2,ssim,,,
86KC2a8qcQI_seg21,2,lpips,,,
86KC2a8qcQI_seg21,3,sharpness,0.016411,0.013709,0.014822
86KC2a8qcQI_seg21,3,temporal_motion,0.038512,0.056967,0.051608
86KC2a8qcQI_seg21,3,colorfulness,0.073012,0.093573,0.074957
86KC2a8qcQI_seg21,3,contrast,0.276119,0.285970,0.268675
86KC2a8qcQI_seg21,3,psnr,,,
86KC2a8qcQI_seg21,3,ssim,,,
86KC2a8qcQI_seg21,3,lpips,,,
86KC2a8qcQI_seg21,4,sharpness,0.016018,0.009371,0.008209
86KC2a8qcQI_seg21,4,temporal_motion,0.033589,0.042487,0.031110
86KC2a8qcQI_seg21,4,colorfulness,0.074864,0.070850,0.078399
86KC2a8qcQI_seg21,4,contrast,0.293068,0.266096,0.249743
86KC2a8qcQI_seg21,4,psnr,,,
86KC2a8qcQI_seg21,4,ssim,,,
86KC2a8qcQI_seg21,4,lpips,,,
86KC2a8qcQI_seg21,5,sharpness,0.013446,0.007025,0.006003
86KC2a8qcQI_seg21,5,temporal_motion,0.025487,0.025252,0.027514
86KC2a8qcQI_seg21,5,colorfulness,0.075044,0.071666,0.102367
86KC2a8qcQI_seg21,5,contrast,0.296974,0.254340,0.234045
86KC2a8qcQI_seg21,5,psnr,,,
86KC2a8qcQI_seg21,5,ssim,,,
86KC2a8qcQI_seg21,5,lpips,,,
86KC2a8qcQI_seg21,6,sharpness,0.011297,0.007015,0.007644
86KC2a8qcQI_seg21,6,temporal_motion,0.033024,0.022707,0.027541
86KC2a8qcQI_seg21,6,colorfulness,0.076954,0.081729,0.083129
86KC2a8qcQI_seg21,6,contrast,0.286832,0.254041,0.255444
86KC2a8qcQI_seg21,6,psnr,,,
86KC2a8qcQI_seg21,6,ssim,,,
86KC2a8qcQI_seg21,6,lpips,,,
86KC2a8qcQI_seg21,7,sharpness,0.008448,0.004470,0.006784
86KC2a8qcQI_seg21,7,temporal_motion,0.025948,0.017457,0.020839
86KC2a8qcQI_seg21,7,colorfulness,0.084807,0.083037,0.082371
86KC2a8qcQI_seg21,7,contrast,0.263466,0.246983,0.270317
86KC2a8qcQI_seg21,7,psnr,,,
86KC2a8qcQI_seg21,7,ssim,,,
86KC2a8qcQI_seg21,7,lpips,,,
86KC2a8qcQI_seg21,8,sharpness,0.009672,0.004825,0.003218
86KC2a8qcQI_seg21,8,temporal_motion,0.029170,0.028834,0.014533
86KC2a8qcQI_seg21,8,colorfulness,0.074408,0.100572,0.079086
86KC2a8qcQI_seg21,8,contrast,0.280774,0.258446,0.269396
86KC2a8qcQI_seg21,8,psnr,,,
86KC2a8qcQI_seg21,8,ssim,,,
86KC2a8qcQI_seg21,8,lpips,,,
86KC2a8qcQI_seg21,9,sharpness,0.010111,0.005173,0.001097
86KC2a8qcQI_seg21,9,temporal_motion,0.014187,0.021533,0.017101
86KC2a8qcQI_seg21,9,colorfulness,0.076297,0.175449,0.069904
86KC2a8qcQI_seg21,9,contrast,0.281282,0.241874,0.235735
86KC2a8qcQI_seg21,9,psnr,,,
86KC2a8qcQI_seg21,9,ssim,,,
86KC2a8qcQI_seg21,9,lpips,,,
86KC2a8qcQI_seg21,10,sharpness,0.009120,0.005255,0.002692
86KC2a8qcQI_seg21,10,temporal_motion,0.032613,0.027128,0.024077
86KC2a8qcQI_seg21,10,colorfulness,0.088264,0.174793,0.062650
86KC2a8qcQI_seg21,10,contrast,0.274894,0.210107,0.110184
86KC2a8qcQI_seg21,10,psnr,,,
86KC2a8qcQI_seg21,10,ssim,,,
86KC2a8qcQI_seg21,10,lpips,,,
86KC2a8qcQI_seg21,11,sharpness,0.011726,0.005206,0.003843
86KC2a8qcQI_seg21,11,temporal_motion,0.020584,0.026929,0.025062
86KC2a8qcQI_seg21,11,colorfulness,0.075239,0.173650,0.067893
86KC2a8qcQI_seg21,11,contrast,0.272623,0.267937,0.107686
86KC2a8qcQI_seg21,11,psnr,,,
86KC2a8qcQI_seg21,11,ssim,,,
86KC2a8qcQI_seg21,11,lpips,,,
86KC2a8qcQI_seg21,12,sharpness,0.013095,0.007291,0.004723
86KC2a8qcQI_seg21,12,temporal_motion,0.020419,0.023691,0.015680
86KC2a8qcQI_seg21,12,colorfulness,0.073988,0.165653,0.068194
86KC2a8qcQI_seg21,12,contrast,0.271642,0.274083,0.111356
86KC2a8qcQI_seg21,12,psnr,,,
86KC2a8qcQI_seg21,12,ssim,,,
86KC2a8qcQI_seg21,12,lpips,,,
9onqdz1EHcw_seg5,1,sharpness,0.002622,0.002604,0.002619
9onqdz1EHcw_seg5,1,temporal_motion,0.007247,0.007305,0.007196
9onqdz1EHcw_seg5,1,colorfulness,0.243843,0.243790,0.243862
9onqdz1EHcw_seg5,1,contrast,0.261643,0.261659,0.261624
9onqdz1EHcw_seg5,1,psnr,19.683826,19.699591,19.708440
9onqdz1EHcw_seg5,1,ssim,0.816185,0.816412,0.816581
9onqdz1EHcw_seg5,1,lpips,0.131187,0.130950,0.130739
9onqdz1EHcw_seg5,2,sharpness,0.002888,0.002895,0.002883
9onqdz1EHcw_seg5,2,temporal_motion,0.009610,0.009691,0.010029
9onqdz1EHcw_seg5,2,colorfulness,0.242154,0.241913,0.242028
9onqdz1EHcw_seg5,2,contrast,0.263232,0.263352,0.262920
9onqdz1EHcw_seg5,2,psnr,17.669679,17.671903,17.700713
9onqdz1EHcw_seg5,2,ssim,0.742668,0.742211,0.742581
9onqdz1EHcw_seg5,2,lpips,0.183016,0.183031,0.182412
9onqdz1EHcw_seg5,3,sharpness,0.003096,0.003145,0.003116
9onqdz1EHcw_seg5,3,temporal_motion,0.012403,0.011554,0.016641
9onqdz1EHcw_seg5,3,colorfulness,0.242146,0.240138,0.240687
9onqdz1EHcw_seg5,3,contrast,0.260780,0.261819,0.262590
9onqdz1EHcw_seg5,3,psnr,,,
9onqdz1EHcw_seg5,3,ssim,,,
9onqdz1EHcw_seg5,3,lpips,,,
9onqdz1EHcw_seg5,4,sharpness,0.003436,0.003364,0.003361
9onqdz1EHcw_seg5,4,temporal_motion,0.013197,0.013024,0.014131
9onqdz1EHcw_seg5,4,colorfulness,0.249216,0.227181,0.249199
9onqdz1EHcw_seg5,4,contrast,0.261783,0.261939,0.261470
9onqdz1EHcw_seg5,4,psnr,,,
9onqdz1EHcw_seg5,4,ssim,,,
9onqdz1EHcw_seg5,4,lpips,,,
9onqdz1EHcw_seg5,5,sharpness,0.003189,0.003705,0.003417
9onqdz1EHcw_seg5,5,temporal_motion,0.014588,0.011866,0.016951
9onqdz1EHcw_seg5,5,colorfulness,0.250963,0.217091,0.249455
9onqdz1EHcw_seg5,5,contrast,0.267380,0.261780,0.259984
9onqdz1EHcw_seg5,5,psnr,,,
9onqdz1EHcw_seg5,5,ssim,,,
9onqdz1EHcw_seg5,5,lpips,,,
9onqdz1EHcw_seg5,6,sharpness,0.003125,0.003784,0.004325
9onqdz1EHcw_seg5,6,temporal_motion,0.010808,0.007875,0.017274
9onqdz1EHcw_seg5,6,colorfulness,0.264401,0.218518,0.256715
9onqdz1EHcw_seg5,6,contrast,0.259372,0.256051,0.252971
9onqdz1EHcw_seg5,6,psnr,,,
9onqdz1EHcw_seg5,6,ssim,,,
9onqdz1EHcw_seg5,6,lpips,,,
9onqdz1EHcw_seg5,7,sharpness,0.003789,0.003490,0.007073
9onqdz1EHcw_seg5,7,temporal_motion,0.012782,0.008638,0.024307
9onqdz1EHcw_seg5,7,colorfulness,0.266065,0.203165,0.229381
9onqdz1EHcw_seg5,7,contrast,0.258394,0.261059,0.262935
9onqdz1EHcw_seg5,7,psnr,,,
9onqdz1EHcw_seg5,7,ssim,,,
9onqdz1EHcw_seg5,7,lpips,,,
9onqdz1EHcw_seg5,8,sharpness,0.003894,0.003920,0.007562
9onqdz1EHcw_seg5,8,temporal_motion,0.015291,0.031773,0.020519
9onqdz1EHcw_seg5,8,colorfulness,0.265483,0.200277,0.218922
9onqdz1EHcw_seg5,8,contrast,0.266363,0.269548,0.268625
9onqdz1EHcw_seg5,8,psnr,,,
9onqdz1EHcw_seg5,8,ssim,,,
9onqdz1EHcw_seg5,8,lpips,,,
9onqdz1EHcw_seg5,9,sharpness,0.004006,0.005252,0.006764
9onqdz1EHcw_seg5,9,temporal_motion,0.015396,0.017316,0.036546
9onqdz1EHcw_seg5,9,colorfulness,0.253228,0.199890,0.223557
9onqdz1EHcw_seg5,9,contrast,0.272502,0.263799,0.259000
9onqdz1EHcw_seg5,9,psnr,,,
9onqdz1EHcw_seg5,9,ssim,,,
9onqdz1EHcw_seg5,9,lpips,,,
9onqdz1EHcw_seg5,10,sharpness,0.004535,0.003937,0.009578
9onqdz1EHcw_seg5,10,temporal_motion,0.020364,0.012745,0.018786
9onqdz1EHcw_seg5,10,colorfulness,0.272134,0.191225,0.227131
9onqdz1EHcw_seg5,10,contrast,0.258249,0.264657,0.259061
9onqdz1EHcw_seg5,10,psnr,,,
9onqdz1EHcw_seg5,10,ssim,,,
9onqdz1EHcw_seg5,10,lpips,,,
9onqdz1EHcw_seg5,11,sharpness,0.004114,0.002927,0.011148
9onqdz1EHcw_seg5,11,temporal_motion,0.020822,0.019824,0.009689
9onqdz1EHcw_seg5,11,colorfulness,0.303577,0.184479,0.220959
9onqdz1EHcw_seg5,11,contrast,0.239456,0.269610,0.265154
9onqdz1EHcw_seg5,11,psnr,,,
9onqdz1EHcw_seg5,11,ssim,,,
9onqdz1EHcw_seg5,11,lpips,,,
9onqdz1EHcw_seg5,12,sharpness,0.003118,0.002529,0.012500
9onqdz1EHcw_seg5,12,temporal_motion,0.023689,0.038764,0.012625
9onqdz1EHcw_seg5,12,colorfulness,0.325589,0.187455,0.205919
9onqdz1EHcw_seg5,12,contrast,0.237666,0.273110,0.271381
9onqdz1EHcw_seg5,12,psnr,,,
9onqdz1EHcw_seg5,12,ssim,,,
9onqdz1EHcw_seg5,12,lpips,,,
ATA22800GHs_seg21,1,sharpness,0.003875,0.003672,0.003345
ATA22800GHs_seg21,1,temporal_motion,0.051942,0.052091,0.051277
ATA22800GHs_seg21,1,colorfulness,0.073980,0.076223,0.074247
ATA22800GHs_seg21,1,contrast,0.267931,0.266909,0.267630
ATA22800GHs_seg21,1,psnr,13.873942,13.853562,13.862640
ATA22800GHs_seg21,1,ssim,0.586484,0.585591,0.583601
ATA22800GHs_seg21,1,lpips,0.634302,0.635268,0.636998
ATA22800GHs_seg21,2,sharpness,0.007380,0.006937,0.005814
ATA22800GHs_seg21,2,temporal_motion,0.037403,0.037438,0.037487
ATA22800GHs_seg21,2,colorfulness,0.102062,0.108518,0.098370
ATA22800GHs_seg21,2,contrast,0.317836,0.317298,0.309580
ATA22800GHs_seg21,2,psnr,,,
ATA22800GHs_seg21,2,ssim,,,
ATA22800GHs_seg21,2,lpips,,,
ATA22800GHs_seg21,3,sharpness,0.008249,0.007488,0.005538
ATA22800GHs_seg21,3,temporal_motion,0.044857,0.042205,0.040784
ATA22800GHs_seg21,3,colorfulness,0.093691,0.107235,0.085253
ATA22800GHs_seg21,3,contrast,0.275140,0.274069,0.234795
ATA22800GHs_seg21,3,psnr,,,
ATA22800GHs_seg21,3,ssim,,,
ATA22800GHs_seg21,3,lpips,,,
ATA22800GHs_seg21,4,sharpness,0.005383,0.010500,0.001863
ATA22800GHs_seg21,4,temporal_motion,0.069931,0.056372,0.040011
ATA22800GHs_seg21,4,colorfulness,0.081188,0.116017,0.072251
ATA22800GHs_seg21,4,contrast,0.243622,0.270512,0.179953
ATA22800GHs_seg21,4,psnr,,,
ATA22800GHs_seg21,4,ssim,,,
ATA22800GHs_seg21,4,lpips,,,
ATA22800GHs_seg21,5,sharpness,0.003823,0.013489,0.003673
ATA22800GHs_seg21,5,temporal_motion,0.022888,0.049212,0.019947
ATA22800GHs_seg21,5,colorfulness,0.029916,0.154038,0.046118
ATA22800GHs_seg21,5,contrast,0.127681,0.262316,0.114368
ATA22800GHs_seg21,5,psnr,,,
ATA22800GHs_seg21,5,ssim,,,
ATA22800GHs_seg21,5,lpips,,,
ATA22800GHs_seg21,6,sharpness,0.004076,0.014000,0.003825
ATA22800GHs_seg21,6,temporal_motion,0.032978,0.038019,0.027145
ATA22800GHs_seg21,6,colorfulness,0.040067,0.167511,0.048746
ATA22800GHs_seg21,6,contrast,0.132420,0.230038,0.135003
ATA22800GHs_seg21,6,psnr,,,
ATA22800GHs_seg21,6,ssim,,,
ATA22800GHs_seg21,6,lpips,,,
ATA22800GHs_seg21,7,sharpness,0.005231,0.009711,0.003853
ATA22800GHs_seg21,7,temporal_motion,0.035111,0.021965,0.022404
ATA22800GHs_seg21,7,colorfulness,0.058264,0.087817,0.044843
ATA22800GHs_seg21,7,contrast,0.158946,0.193495,0.214762
ATA22800GHs_seg21,7,psnr,,,
ATA22800GHs_seg21,7,ssim,,,
ATA22800GHs_seg21,7,lpips,,,
ATA22800GHs_seg21,8,sharpness,0.007915,0.011233,0.004038
ATA22800GHs_seg21,8,temporal_motion,0.054410,0.025208,0.025012
ATA22800GHs_seg21,8,colorfulness,0.163636,0.095126,0.060690
ATA22800GHs_seg21,8,contrast,0.216922,0.200048,0.231479
ATA22800GHs_seg21,8,psnr,,,
ATA22800GHs_seg21,8,ssim,,,
ATA22800GHs_seg21,8,lpips,,,
ATA22800GHs_seg21,9,sharpness,0.015724,0.015206,0.004845
ATA22800GHs_seg21,9,temporal_motion,0.042204,0.044072,0.046916
ATA22800GHs_seg21,9,colorfulness,0.198838,0.153007,0.068769
ATA22800GHs_seg21,9,contrast,0.236889,0.242865,0.225899
ATA22800GHs_seg21,9,psnr,,,
ATA22800GHs_seg21,9,ssim,,,
ATA22800GHs_seg21,9,lpips,,,
ATA22800GHs_seg21,10,sharpness,0.018927,0.016157,0.010239
ATA22800GHs_seg21,10,temporal_motion,0.048070,0.048635,0.036475
ATA22800GHs_seg21,10,colorfulness,0.167728,0.185848,0.133831
ATA22800GHs_seg21,10,contrast,0.240216,0.298372,0.249410
ATA22800GHs_seg21,10,psnr,,,
ATA22800GHs_seg21,10,ssim,,,
ATA22800GHs_seg21,10,lpips,,,
ATA22800GHs_seg21,11,sharpness,0.022704,0.019980,0.011005
ATA22800GHs_seg21,11,temporal_motion,0.041111,0.035644,0.037295
ATA22800GHs_seg21,11,colorfulness,0.139484,0.149176,0.132882
ATA22800GHs_seg21,11,contrast,0.237490,0.298217,0.250318
ATA22800GHs_seg21,11,psnr,,,
ATA22800GHs_seg21,11,ssim,,,
ATA22800GHs_seg21,11,lpips,,,
ATA22800GHs_seg21,12,sharpness,0.022412,0.020836,0.011094
ATA22800GHs_seg21,12,temporal_motion,0.047459,0.036537,0.043616
ATA22800GHs_seg21,12,colorfulness,0.130130,0.131565,0.131153
ATA22800GHs_seg21,12,contrast,0.234807,0.303523,0.264199
ATA22800GHs_seg21,12,psnr,,,
ATA22800GHs_seg21,12,ssim,,,
ATA22800GHs_seg21,12,lpips,,,
